2504,https://www.ted.com/talks/laura_indolfi_good_news_in_the_fight_against_pancreatic_cancer,Laura Indolfi,Good news in the fight against pancreatic cancer
2505,https://www.ted.com/talks/sebastian_junger_our_lonely_society_makes_it_hard_to_come_home_from_war,Sebastian Junger,Our lonely society makes it hard to come home from war
2506,https://www.ted.com/talks/juno_mac_the_laws_that_sex_workers_really_want,Juno Mac,The laws that sex workers really want
2507,https://www.ted.com/talks/trevor_timm_how_free_is_our_freedom_of_the_press,Trevor Timm,How free is our freedom of the press?
2508,https://www.ted.com/talks/lidia_yuknavitch_the_beauty_of_being_a_misfit,Lidia Yuknavitch,The beauty of being a misfit
2510,https://www.ted.com/talks/mariano_sigman_your_words_may_predict_your_future_mental_health,Mariano Sigman,Your words may predict your future mental health
2511,https://www.ted.com/talks/zaria_forman_drawings_that_show_the_beauty_and_fragility_of_earth,Zaria Forman,Drawings that show the beauty and fragility of Earth
2512,https://www.ted.com/talks/joseph_ravenell_how_barbershops_can_keep_men_healthy,Joseph Ravenell,How barbershops can keep men healthy
2513,https://www.ted.com/talks/adam_driver_my_journey_from_marine_to_actor,Adam Driver,My journey from Marine to actor
2514,https://www.ted.com/talks/sue_desmond_hellmann_a_smarter_more_precise_way_to_think_about_public_health,Sue Desmond-Hellmann,"A smarter, more precise way to think about public health"
2515,https://www.ted.com/talks/samantha_nutt_the_real_harm_of_the_global_arms_trade,Samantha Nutt,The real harm of the global arms trade
2516,https://www.ted.com/talks/norman_lear_an_entertainment_icon_on_living_a_life_of_meaning,Norman Lear,An entertainment icon on living a life of meaning
2517,https://www.ted.com/talks/stephen_wilkes_the_passing_of_time_caught_in_a_single_photo,Stephen Wilkes,"The passing of time, caught in a single photo"
2518,https://www.ted.com/talks/cedric_villani_what_s_so_sexy_about_math,Cédric Villani,What's so sexy about math?
2519,https://www.ted.com/talks/amit_sood_every_piece_of_art_you_ve_ever_wanted_to_see_up_close_and_searchable,Amit Sood,Every piece of art you've ever wanted to see -- up close and searchable
2520,https://www.ted.com/talks/shaolan_the_chinese_zodiac_explained,ShaoLan,"The Chinese zodiac, explained"
2523,https://www.ted.com/talks/sajay_samuel_how_college_loans_exploit_students_for_profit,Sajay Samuel,How college loans exploit students for profit
2521,https://www.ted.com/talks/negin_farsad_a_highly_scientific_taxonomy_of_haters,Negin Farsad,A highly scientific taxonomy of haters
2524,https://www.ted.com/talks/jamila_raqib_the_secret_to_effective_nonviolent_resistance,Jamila Raqib,The secret to effective nonviolent resistance
2502,https://www.ted.com/talks/andrew_pelling_this_scientist_makes_ears_out_of_apples,Andrew Pelling,This scientist makes ears out of apples
2527,https://www.ted.com/talks/chris_milk_the_birth_of_virtual_reality_as_an_art_form,Chris Milk,The birth of virtual reality as an art form
2525,https://www.ted.com/talks/tristan_harris_how_better_tech_could_protect_us_from_distraction,Tristan Harris,How better tech could protect us from distraction
2535,https://www.ted.com/talks/gill_hicks_i_survived_a_terrorist_attack_here_s_what_i_learned,Gill Hicks,I survived a terrorist attack. Here's what I learned
2528,https://www.ted.com/talks/keolu_fox_why_genetic_research_must_be_more_diverse,Keolu Fox,Why genetic research must be more diverse
2526,https://www.ted.com/talks/seema_bansal_how_to_fix_a_broken_education_system_without_any_more_money,Seema Bansal,How to fix a broken education system ... without any more money
2530,https://www.ted.com/talks/brian_little_who_are_you_really_the_puzzle_of_personality,Brian Little,"Who are you, really? The puzzle of personality"
2531,https://www.ted.com/talks/tom_hulme_what_can_we_learn_from_shortcuts,Tom Hulme,What can we learn from shortcuts?
2534,https://www.ted.com/talks/wanda_diaz_merced_how_a_blind_astronomer_found_a_way_to_hear_the_stars,Wanda Diaz Merced,How a blind astronomer found a way to hear the stars
2533,https://www.ted.com/talks/blaise_aguera_y_arcas_how_computers_are_learning_to_be_creative,Blaise Agá¼era y Arcas,How computers are learning to be creative
2537,https://www.ted.com/talks/julia_galef_why_you_think_you_re_right_even_if_you_re_wrong,Julia Galef,Why you think you're right -- even if you're wrong
2536,https://www.ted.com/talks/prosanta_chakrabarty_clues_to_prehistoric_times_found_in_blind_cavefish,Prosanta Chakrabarty,"Clues to prehistoric times, found in blind cavefish"
2538,https://www.ted.com/talks/john_legend_redemption_song,John Legend,"""Redemption Song"""
2541,https://www.ted.com/talks/marwa_al_sabouni_how_syria_s_architecture_laid_the_foundation_for_brutal_war,Marwa Al-Sabouni,How Syria's architecture laid the foundation for brutal war
2543,https://www.ted.com/talks/alexander_betts_why_brexit_happened_and_what_to_do_next,Alexander Betts,Why Brexit happened -- and what to do next
2539,https://www.ted.com/talks/safwat_saleem_why_i_keep_speaking_up_even_when_people_mock_my_accent,Safwat Saleem,"Why I keep speaking up, even when people mock my accent"
2529,https://www.ted.com/talks/elise_roy_when_we_design_for_disability_we_all_benefit,Elise Roy,"When we design for disability, we all benefit"
2547,https://www.ted.com/talks/leila_hoteit_3_lessons_on_success_from_an_arab_businesswoman,Leila Hoteit,3 lessons on success from an Arab businesswoman
2542,https://www.ted.com/talks/eric_haseltine_what_will_be_the_next_big_scientific_breakthrough,Eric Haseltine,What will be the next big scientific breakthrough?
2551,https://www.ted.com/talks/emma_marris_nature_is_everywhere_we_just_need_to_learn_to_see_it,Emma Marris,Nature is everywhere -- we just need to learn to see it
2546,https://www.ted.com/talks/shubhendu_sharma_how_to_grow_a_forest_in_your_backyard,Shubhendu Sharma,How to grow a forest in your backyard
2552,https://www.ted.com/talks/adam_savage_my_love_letter_to_cosplay,Adam Savage,My love letter to cosplay
2540,https://www.ted.com/talks/lisa_dyson_a_forgotten_space_age_technology_could_change_how_we_grow_food,Lisa Dyson,A forgotten Space Age technology could change how we grow food
2556,https://www.ted.com/talks/el_seed_a_project_of_peace_painted_across_50_buildings,eL Seed,"A project of peace, painted across 50 buildings"
2553,https://www.ted.com/talks/gerard_ryle_how_the_panama_papers_journalists_broke_the_biggest_leak_in_history,Gerard Ryle,How the Panama Papers journalists broke the biggest leak in history
2557,https://www.ted.com/talks/ed_boyden_baby_diapers_inspired_this_new_way_to_study_the_brain,Ed Boyden,A new way to study the brain's invisible secrets
2558,https://www.ted.com/talks/suzanne_simard_how_trees_talk_to_each_other,Suzanne Simard,How trees talk to each other
2548,https://www.ted.com/talks/anthony_goldbloom_the_jobs_we_ll_lose_to_machines_and_the_ones_we_won_t,Anthony Goldbloom,The jobs we'll lose to machines -- and the ones we won't
2549,https://www.ted.com/talks/martin_reeves_how_to_build_a_business_that_lasts_100_years,Martin Reeves,How to build a business that lasts 100 years
2559,https://www.ted.com/talks/molly_winter_the_taboo_secret_to_healthier_plants_and_people,Molly Winter,The taboo secret to better health
2560,https://www.ted.com/talks/ngozi_okonjo_iweala_how_africa_can_keep_rising,Ngozi Okonjo-Iweala,How Africa can keep rising
2545,https://www.ted.com/talks/dave_brain_what_a_planet_needs_to_sustain_life,Dave Brain,What a planet needs to sustain life
2562,https://www.ted.com/talks/monica_araya_a_small_country_with_big_ideas_to_get_rid_of_fossil_fuels,Monica Araya,A small country with big ideas to get rid of fossil fuels
2550,https://www.ted.com/talks/james_green_3_moons_and_a_planet_that_could_have_alien_life,James Green,3 moons and a planet that could have alien life
2566,https://www.ted.com/talks/sarah_parcak_hunting_for_peru_s_lost_civilizations_with_satellites,Sarah Parcak,Hunting for Peru's lost civilizations -- with satellites
2561,https://www.ted.com/talks/anand_giridharadas_a_letter_to_all_who_have_lost_in_this_era,Anand Giridharadas,A letter to all who have lost in this era
2568,https://www.ted.com/talks/gonzalo_vilarino_how_argentina_s_blind_soccer_team_became_champions,Gonzalo Vilariño,How Argentina's blind soccer team became champions
2563,https://www.ted.com/talks/olivier_scalabre_the_next_manufacturing_revolution_is_here,Olivier Scalabre,The next manufacturing revolution is here
2565,https://www.ted.com/talks/timothy_ihrig_what_we_can_do_to_die_well,Timothy Ihrig,What we can do to die well
2569,https://www.ted.com/talks/laura_boushnak_the_deadly_legacy_of_cluster_bombs,Laura Boushnak,The deadly legacy of cluster bombs
2573,https://www.ted.com/talks/don_tapscott_how_the_blockchain_is_changing_money_and_business,Don Tapscott,How the blockchain is changing money and business
2571,https://www.ted.com/talks/vanessa_ruiz_the_spellbinding_art_of_human_anatomy,Vanessa Ruiz,The spellbinding art of human anatomy
2578,https://www.ted.com/talks/julia_bacha_how_women_wage_conflict_without_violence,Julia Bacha,How women wage conflict without violence
2572,https://www.ted.com/talks/christopher_bell_bring_on_the_female_superheroes,Christopher Bell,Bring on the female superheroes!
2574,https://www.ted.com/talks/kio_stark_why_you_should_talk_to_strangers,Kio Stark,Why you should talk to strangers
2575,https://www.ted.com/talks/jonathan_tepperman_the_risky_politics_of_progress,Jonathan Tepperman,The risky politics of progress
2577,https://www.ted.com/talks/james_veitch_the_agony_of_trying_to_unsubscribe,James Veitch,The agony of trying to unsubscribe
2579,https://www.ted.com/talks/sal_khan_let_s_teach_for_mastery_not_test_scores,Sal Khan,Let's teach for mastery -- not test scores
2580,https://www.ted.com/talks/courtney_martin_the_new_american_dream,Courtney E. Martin,The new American Dream
2581,https://www.ted.com/talks/david_camarillo_why_helmets_don_t_prevent_concussions_and_what_might,David Camarillo,Why helmets don't prevent concussions -- and what might
2555,https://www.ted.com/talks/franz_freudenthal_a_new_way_to_heal_hearts_without_surgery,Franz Freudenthal,A new way to heal hearts without surgery
2554,https://www.ted.com/talks/neha_narula_the_future_of_money,Neha Narula,The future of money
2582,https://www.ted.com/talks/julie_lythcott_haims_how_to_raise_successful_kids_without_over_parenting,Julie Lythcott-Haims,How to raise successful kids -- without over-parenting
2583,https://www.ted.com/talks/michael_shellenberger_how_fear_of_nuclear_power_is_hurting_the_environment,Michael Shellenberger,How fear of nuclear power is hurting the environment
2532,https://www.ted.com/talks/michael_murphy_architecture_that_s_built_to_heal,Michael Murphy,Architecture that's built to heal
2584,https://www.ted.com/talks/abigail_marsh_why_some_people_are_more_altruistic_than_others,Abigail Marsh,Why some people are more altruistic than others
2587,https://www.ted.com/talks/eric_liu_there_s_no_such_thing_as_not_voting,Eric Liu,There's no such thing as not voting
2585,https://www.ted.com/talks/david_burkus_why_you_should_know_how_much_your_coworkers_get_paid,David Burkus,Why you should know how much your coworkers get paid
2586,https://www.ted.com/talks/nadia_lopez_why_open_a_school_to_close_a_prison,Nadia Lopez,Why open a school? To close a prison
2570,https://www.ted.com/talks/sebastian_kraves_the_era_of_personal_dna_testing_is_here,Sebastian Kraves,The era of personal DNA testing is here
2567,https://www.ted.com/talks/rebecca_mackinnon_we_can_fight_terror_without_sacrificing_our_rights,Rebecca MacKinnon,We can fight terror without sacrificing our rights
2588,https://www.ted.com/talks/j_d_vance_america_s_forgotten_working_class,J.D. Vance,America's forgotten working class
2589,https://www.ted.com/talks/camille_a_brown_a_visual_history_of_social_dance_in_25_moves,Camille A. Brown,A visual history of social dance in 25 moves
2544,https://www.ted.com/talks/oded_shoseyov_how_we_re_harnessing_nature_s_hidden_superpowers,Oded Shoseyov,How we're harnessing nature's hidden superpowers
2592,https://www.ted.com/talks/sam_harris_can_we_build_ai_without_losing_control_over_it,Sam Harris,Can we build AI without losing control over it?
2590,https://www.ted.com/talks/helen_fisher_technology_hasn_t_changed_love_here_s_why,Helen Fisher,Technology hasn't changed love. Here's why
2593,https://www.ted.com/talks/ellen_jorgensen_what_you_need_to_know_about_crispr,Ellen Jorgensen,What you need to know about CRISPR
2596,https://www.ted.com/talks/sayu_bhojwani_how_immigrant_voices_make_democracy_stronger,Sayu Bhojwani,Immigrant voices make democracy stronger
2599,https://www.ted.com/talks/adam_de_la_zerda_how_we_can_start_winning_the_war_against_cancer,Adam de la Zerda,We can start winning the war against cancer
2594,https://www.ted.com/talks/isaac_lidsky_what_reality_are_you_creating_for_yourself,Isaac Lidsky,What reality are you creating for yourself?
2595,https://www.ted.com/talks/john_mcwhorter_4_reasons_to_learn_a_new_language,John McWhorter,4 reasons to learn a new language
2576,https://www.ted.com/talks/rainn_wilson_ideas_worth_dating,Rainn Wilson,Ideas worth dating
2597,https://www.ted.com/talks/ione_wells_how_we_talk_about_sexual_assault_online,Ione Wells,How we talk about sexual assault online
2598,https://www.ted.com/talks/pico_iyer_the_beauty_of_what_we_ll_never_know,Pico Iyer,The beauty of what we'll never know
2603,https://www.ted.com/talks/melissa_walker_art_can_heal_ptsd_s_invisible_wounds,Melissa Walker,Art can heal PTSD's invisible wounds
2601,https://www.ted.com/talks/jim_hemerling_5_ways_to_lead_in_an_era_of_constant_change,Jim Hemerling,5 ways to lead in an era of constant change
2602,https://www.ted.com/talks/trevor_copp_jeff_fox_ballroom_dance_that_breaks_gender_roles,Trevor Copp and Jeff Fox,Ballroom dance that breaks gender roles
2604,https://www.ted.com/talks/rachel_botsman_we_ve_stopped_trusting_institutions_and_started_trusting_strangers,Rachel Botsman,We've stopped trusting institutions and started trusting strangers
2605,https://www.ted.com/talks/todd_coleman_a_temporary_tattoo_that_brings_hospital_care_to_the_home,Todd Coleman,A temporary tattoo that brings hospital care to the home
2606,https://www.ted.com/talks/zeynep_tufekci_machine_intelligence_makes_human_morals_more_important,Zeynep Tufekci,Machine intelligence makes human morals more important
2607,https://www.ted.com/talks/manwar_ali_inside_the_mind_of_a_former_radical_jihadist,Manwar Ali,Inside the mind of a former radical jihadist
2608,https://www.ted.com/talks/philippa_neave_the_unexpected_challenges_of_a_country_s_first_election,Philippa Neave,The unexpected challenges of a country's first election
2609,https://www.ted.com/talks/wanis_kabbaj_what_a_driverless_world_could_look_like,Wanis Kabbaj,What a driverless world could look like
2618,https://www.ted.com/talks/ian_bremmer_how_the_us_should_use_its_superpower_status,Ian Bremmer,How the US should use its superpower status
2600,https://www.ted.com/talks/alyssa_monks_how_loss_helped_one_artist_find_beauty_in_imperfection,Alyssa Monks,How loss helped one artist find beauty in imperfection
2610,https://www.ted.com/talks/tasos_frantzolas_everything_you_hear_on_film_is_a_lie,Tasos Frantzolas,Everything you hear on film is a lie
2611,https://www.ted.com/talks/silk_road_ensemble_rhiannon_giddens_st_james_infirmary_blues,Silk Road Ensemble + Rhiannon Giddens,"""St. James Infirmary Blues"""
2612,https://www.ted.com/talks/kelli_jean_drinkwater_enough_with_the_fear_of_fat,Kelli Jean Drinkwater,Enough with the fear of fat
2614,https://www.ted.com/talks/christopher_soghoian_your_smartphone_is_a_civil_rights_issue,Christopher Soghoian,Your smartphone is a civil rights issue
2616,https://www.ted.com/talks/kandice_sumner_how_america_s_public_schools_keep_kids_in_poverty,Kandice Sumner,How America's public schools keep kids in poverty
2617,https://www.ted.com/talks/mallory_soldner_your_company_s_data_could_end_world_hunger,Mallory Soldner,Your company's data could help end world hunger
2619,https://www.ted.com/talks/tim_leberecht_4_ways_to_build_a_human_company_in_the_age_of_machines,Tim Leberecht,4 ways to build a human company in the age of machines
2481,https://www.ted.com/talks/amanda_palmer_jherek_bischoff_usman_riaz_space_oddity,"Amanda Palmer, Jherek Bischoff, Usman Riaz","""Space Oddity"""
2621,https://www.ted.com/talks/halla_tomasdottir_it_s_time_for_women_to_run_for_office,Halla Tá³masdá³ttir,It's time for women to run for office
2622,https://www.ted.com/talks/suzanne_barakat_islamophobia_killed_my_brother_let_s_end_the_hate,Suzanne Barakat,Islamophobia killed my brother. Let's end the hate
2625,https://www.ted.com/talks/jonathan_haidt_can_a_divided_america_heal,Jonathan Haidt,Can a divided America heal?
2623,https://www.ted.com/talks/fawn_qiu_easy_diy_projects_for_kid_engineers,Fawn Qiu,Easy DIY projects for kid engineers
2624,https://www.ted.com/talks/hector_garcia_we_train_soldiers_for_war_let_s_train_them_to_come_home_too,Hector Garcia,"We train soldiers for war. Let's train them to come home, too"
2629,https://www.ted.com/talks/kimberle_crenshaw_the_urgency_of_intersectionality,Kimberlé Crenshaw,The urgency of intersectionality
2626,https://www.ted.com/talks/bettina_warburg_how_the_blockchain_will_radically_transform_the_economy,Bettina Warburg,How the blockchain will radically transform the economy
2630,https://www.ted.com/talks/steven_johnson_how_play_leads_to_great_inventions,Steven Johnson,The playful wonderland behind great inventions
2615,https://www.ted.com/talks/victor_rios_help_for_kids_the_education_system_ignores,Victor Rios,Help for kids the education system ignores
2620,https://www.ted.com/talks/roger_antonsen_math_is_the_hidden_secret_to_understanding_the_world,Roger Antonsen,Math is the hidden secret to understanding the world
2628,https://www.ted.com/talks/sandi_toksvig_a_political_party_for_women_s_equality,Sandi Toksvig,A political party for women's equality
2632,https://www.ted.com/talks/juan_enriquez_what_will_humans_look_like_in_100_years,Juan Enriquez,What will humans look like in 100 years?
2631,https://www.ted.com/talks/adam_galinsky_how_to_speak_up_for_yourself,Adam Galinsky,How to speak up for yourself
2633,https://www.ted.com/talks/joe_lassiter_we_need_nuclear_power_to_solve_climate_change,Joe Lassiter,We need nuclear power to solve climate change
2634,https://www.ted.com/talks/alicia_garza_patrisse_cullors_and_opal_tometi_an_interview_with_the_founders_of_black_lives_matter,"Alicia Garza, Patrisse Cullors and Opal Tometi",An interview with the founders of Black Lives Matter
2591,https://www.ted.com/talks/danny_dorling_maps_that_show_us_who_we_are_not_just_where_we_are,Danny Dorling,Maps that show us who we are (not just where we are)
2636,https://www.ted.com/talks/ryan_gravel_how_an_old_loop_of_railroads_is_changing_the_face_of_a_city,Ryan Gravel,How an old loop of railroads is changing the face of a city
2637,https://www.ted.com/talks/kate_adams_4_larger_than_life_lessons_from_soap_operas,Kate Adams,4 larger-than-life lessons from soap operas
2635,https://www.ted.com/talks/tiq_milan_and_kim_katrin_milan_a_queer_vision_of_love_and_marriage,Tiq Milan and Kim Katrin Milan,A queer vision of love and marriage
2639,https://www.ted.com/talks/natalie_panek_let_s_clean_up_the_space_junk_orbiting_earth,Natalie Panek,Let's clean up the space junk orbiting Earth
2638,https://www.ted.com/talks/jia_jiang_what_i_learned_from_100_days_of_rejection,Jia Jiang,What I learned from 100 days of rejection
2641,https://www.ted.com/talks/elizabeth_lesser_say_your_truths_and_seek_them_in_others,Elizabeth Lesser,Say your truths and seek them in others
2642,https://www.ted.com/talks/veerle_provoost_do_kids_think_of_sperm_donors_as_family,Veerle Provoost,Do kids think of sperm donors as family?
2644,https://www.ted.com/talks/kevin_b_jones_why_curiosity_is_the_key_to_science_and_medicine,Kevin B. Jones,Why curiosity is the key to science and medicine
2645,https://www.ted.com/talks/kevin_kelly_how_ai_can_bring_on_a_second_industrial_revolution,Kevin Kelly,How AI can bring on a second Industrial Revolution
2648,https://www.ted.com/talks/rebecca_brachman_could_a_drug_prevent_depression_and_ptsd,Rebecca Brachman,Could a drug prevent depression and PTSD?
2647,https://www.ted.com/talks/laura_vanderkam_how_to_gain_control_of_your_free_time,Laura Vanderkam,How to gain control of your free time
2655,https://www.ted.com/talks/david_autor_why_are_there_still_so_many_jobs,David Autor,Will automation take away all our jobs?
2656,https://www.ted.com/talks/anjali_tripathi_why_earth_may_someday_look_like_mars,Anjali Tripathi,Why Earth may someday look like Mars
2649,https://www.ted.com/talks/chinaka_hodge_what_will_you_tell_your_daughters_about_2016,Chinaka Hodge,What will you tell your daughters about 2016?
2643,https://www.ted.com/talks/sharon_brous_it_s_time_to_reclaim_and_reinvent_religion,Sharon Brous,It's time to reclaim religion
2654,https://www.ted.com/talks/james_beacham_how_we_explore_unanswered_questions_in_physics,James Beacham,How we explore unanswered questions in physics
2652,https://www.ted.com/talks/adam_grant_are_you_a_giver_or_a_taker,Adam Grant,Are you a giver or a taker?
2650,https://www.ted.com/talks/erika_gregory_the_world_doesn_t_need_more_nuclear_weapons,Erika Gregory,The world doesn't need more nuclear weapons
2659,https://www.ted.com/talks/sam_kass_want_to_teach_kids_well_feed_them_well,Sam Kass,Want kids to learn well? Feed them well
2658,https://www.ted.com/talks/sofia_jawed_wessel_the_lies_we_tell_pregnant_women,Sofia Jawed-Wessel,The lies we tell pregnant women
2661,https://www.ted.com/talks/mandy_len_catron_a_better_way_to_talk_about_love,Mandy Len Catron,A better way to talk about love
2660,https://www.ted.com/talks/george_tulevski_the_next_step_in_nanotechnology,George Tulevski,The next step in nanotechnology
2664,https://www.ted.com/talks/dan_bricklin_meet_the_inventor_of_the_electronic_spreadsheet,Dan Bricklin,Meet the inventor of the electronic spreadsheet
2663,https://www.ted.com/talks/alejandro_sanchez_alvarado_to_solve_old_problems_study_new_species,Alejandro Sá¡nchez Alvarado,"To solve old problems, study new species"
2665,https://www.ted.com/talks/sisonke_msimang_if_a_story_moves_you_act_on_it,Sisonke Msimang,"If a story moves you, act on it"
2627,https://www.ted.com/talks/jen_brea_what_happens_when_you_have_a_disease_doctors_can_t_diagnose,Jennifer Brea,What happens when you have a disease doctors can't diagnose
2666,https://www.ted.com/talks/ashley_judd_how_online_abuse_of_women_has_spiraled_out_of_control,Ashley Judd,How online abuse of women has spiraled out of control
2667,https://www.ted.com/talks/emily_parsons_lord_art_made_of_the_air_we_breathe,Emily Parsons-Lord,Art made of the air we breathe
2669,https://www.ted.com/talks/robb_willer_how_to_have_better_political_conversations,Robb Willer,How to have better political conversations
2651,https://www.ted.com/talks/paul_knoepfler_the_ethical_dilemma_of_designer_babies,Paul Knoepfler,The ethical dilemma of designer babies
2670,https://www.ted.com/talks/jeanne_gang_buildings_that_blend_nature_and_city,Jeanne Gang,Buildings that blend nature and city
2668,https://www.ted.com/talks/caleb_barlow_where_is_cybercrime_really_coming_from,Caleb Barlow,Where is cybercrime really coming from?
2662,https://www.ted.com/talks/deeyah_khan_what_we_don_t_know_about_europe_s_muslim_kids,Deeyah Khan,What we don't know about Europe's Muslim kids
2672,https://www.ted.com/talks/deepika_kurup_a_young_scientist_s_quest_for_clean_water,Deepika Kurup,A young scientist's quest for clean water
2673,https://www.ted.com/talks/sarah_parcak_help_discover_ancient_ruins_before_it_s_too_late,Sarah Parcak,Help discover ancient ruins -- before it's too late
2674,https://www.ted.com/talks/alan_smith_why_we_re_so_bad_at_statistics,Alan Smith,Why you should love statistics
2679,https://www.ted.com/talks/eduardo_briceno_how_to_get_better_at_the_things_you_care_about,Eduardo Briceño,How to get better at the things you care about
2681,https://www.ted.com/talks/sue_klebold_my_son_was_a_columbine_shooter_this_is_my_story,Sue Klebold,My son was a Columbine shooter. This is my story
2677,https://www.ted.com/talks/nagin_cox_what_time_is_it_on_mars,Nagin Cox,What time is it on Mars?
2671,https://www.ted.com/talks/maurice_conti_the_incredible_inventions_of_intuitive_ai,Maurice Conti,The incredible inventions of intuitive AI
2678,https://www.ted.com/talks/thordis_elva_tom_stranger_our_story_of_rape_and_reconciliation,Thordis Elva and Tom Stranger,Our story of rape and reconciliation
2680,https://www.ted.com/talks/joshua_smith_new_nanotech_to_catch_cancer_early,Joshua Smith,New nanotech to detect cancer early
2682,https://www.ted.com/talks/jeff_speck_4_ways_to_make_a_city_more_walkable,Jeff Speck,4 ways to make a city more walkable
2683,https://www.ted.com/talks/aala_el_khani_what_it_s_like_to_be_a_parent_in_a_war_zone,Aala El-Khani,What it's like to be a parent in a war zone
2686,https://www.ted.com/talks/miriam_zoila_perez_how_racism_harms_pregnant_women_and_what_can_help,Miriam Zoila Pérez,How racism harms pregnant women -- and what can help
2684,https://www.ted.com/talks/rodrigo_y_gabriela_an_electrifying_acoustic_guitar_performance,Rodrigo y Gabriela,An electrifying acoustic guitar performance
2685,https://www.ted.com/talks/amy_adele_hasinoff_how_to_practice_safe_sexting,Amy Adele Hasinoff,How to practice safe sexting
2687,https://www.ted.com/talks/lara_setrakian_3_ways_to_fix_a_broken_news_industry,Lara Setrakian,3 ways to fix a broken news industry
2675,https://www.ted.com/talks/salil_dudani_how_jails_extort_the_poor,Salil Dudani,How jails extort the poor
2689,https://www.ted.com/talks/grady_booch_don_t_fear_superintelligence,Grady Booch,Don't fear superintelligent AI
2695,https://www.ted.com/talks/yuval_noah_harari_nationalism_vs_globalism_the_new_political_divide,Yuval Noah Harari,Nationalism vs. globalism: the new political divide
2691,https://www.ted.com/talks/brittney_cooper_the_racial_politics_of_time,Brittney Cooper,The racial politics of time
2690,https://www.ted.com/talks/jonathan_rossiter_a_robot_that_eats_pollution,Jonathan Rossiter,A robot that eats pollution
2653,https://www.ted.com/talks/charity_wayua_a_few_ways_to_fix_an_ailing_government,Charity Wayua,A few ways to fix a government
2694,https://www.ted.com/talks/stacy_smith_the_data_behind_hollywood_s_sexism,Stacy Smith,The data behind Hollywood's sexism
2700,https://www.ted.com/talks/ani_liu_smelfies_and_other_experiments_in_synthetic_biology,Ani Liu,"Smelfies, and other experiments in synthetic biology"
2696,https://www.ted.com/talks/jeff_kirschner_this_app_makes_it_fun_to_pick_up_litter,Jeff Kirschner,This app makes it fun to pick up litter
2697,https://www.ted.com/talks/lux_narayan_what_i_learned_from_2_000_obituaries,Lux Narayan,"What I learned from 2,000 obituaries"
2698,https://www.ted.com/talks/kathy_hull_stories_from_a_home_for_terminally_ill_children,Kathy Hull,Stories from a home for terminally ill children
2701,https://www.ted.com/talks/sara_ramirez_and_michael_pemberton_rollercoaster,Sara Ramirez,"""Rollercoaster"""
2702,https://www.ted.com/talks/carrie_poppy_a_scientific_approach_to_the_paranormal,Carrie Poppy,A scientific approach to the paranormal
2703,https://www.ted.com/talks/megan_phelps_roper_i_grew_up_in_the_westboro_baptist_church_here_s_why_i_left,Megan Phelps-Roper,I grew up in the Westboro Baptist Church. Here's why I left
2704,https://www.ted.com/talks/caroline_paul_to_raise_brave_girls_encourage_adventure,Caroline Paul,"To raise brave girls, encourage adventure"
2706,https://www.ted.com/talks/jude_kelly_why_women_should_tell_the_stories_of_humanity,Jude Kelly,Why women should tell the stories of humanity
2705,https://www.ted.com/talks/joy_buolamwini_how_i_m_fighting_bias_in_algorithms,Joy Buolamwini,How I'm fighting bias in algorithms
2709,https://www.ted.com/talks/john_koenig_beautiful_new_words_to_describe_obscure_emotions,John Koenig,Beautiful new words to describe obscure emotions
2707,https://www.ted.com/talks/caitlin_doughty_a_burial_practice_that_nourishes_the_planet,Caitlin Doughty,A burial practice that nourishes the planet
2491,https://www.ted.com/talks/carrie_nugent_adventures_of_an_asteroid_hunter,Carrie Nugent,Adventures of an asteroid hunter
2708,https://www.ted.com/talks/peggy_orenstein_what_young_women_believe_about_their_own_sexual_pleasure,Peggy Orenstein,What young women believe about their own sexual pleasure
2692,https://www.ted.com/talks/karina_galperin_why_don_t_we_write_words_the_way_pronounce_them,Karina Galperin,Should we simplify spelling?
2710,https://www.ted.com/talks/silk_road_ensemble_turceasca,Silk Road Ensemble,"""Turceasca"""
2713,https://www.ted.com/talks/dan_bell_inside_america_s_dead_shopping_malls,Dan Bell,Inside America's dead shopping malls
2711,https://www.ted.com/talks/peter_weinstock_lifelike_simulations_that_make_real_life_surgery_safer,Peter Weinstock,Lifelike simulations that make real-life surgery safer
2712,https://www.ted.com/talks/michele_l_sullivan_asking_for_help_is_a_strength_not_a_weakness,Michele L. Sullivan,"Asking for help is a strength, not a weakness"
2688,https://www.ted.com/talks/margaret_bourdeaux_why_civilians_suffer_more_once_a_war_is_over,Margaret Bourdeaux,Why civilians suffer more once a war is over
2714,https://www.ted.com/talks/simon_anholt_how_would_the_rest_of_the_world_vote_in_your_country_s_election,Simon Anholt,Who would the rest of the world vote for in your country's election?
2718,https://www.ted.com/talks/mona_chalabi_3_ways_to_spot_a_bad_statistic,Mona Chalabi,3 ways to spot a bad statistic
2719,https://www.ted.com/talks/ashton_cofer_a_young_inventor_s_plan_to_recycle_styrofoam,Ashton Cofer,A young inventor's plan to recycle Styrofoam
2720,https://www.ted.com/talks/katie_hinde_what_we_don_t_know_about_mother_s_milk,Katie Hinde,What we don't know about mother's milk
2693,https://www.ted.com/talks/michael_botticelli_addiction_is_a_disease_we_should_treat_it_like_one,Michael Botticelli,Addiction is a disease. We should treat it like one
2721,https://www.ted.com/talks/moshe_szyf_how_early_life_experience_is_written_into_dna,Moshe Szyf,How early life experience is written into DNA
2717,https://www.ted.com/talks/so_percussion_music_for_wood_and_strings,SÅ Percussion,"""Music for Wood and Strings"""
2722,https://www.ted.com/talks/emtithal_mahmoud_a_young_poet_tells_the_story_of_darfur,Emtithal Mahmoud,A young poet tells the story of Darfur
2724,https://www.ted.com/talks/casey_brown_know_your_worth_and_then_ask_for_it,Casey Brown,"Know your worth, and then ask for it"
2716,https://www.ted.com/talks/gretchen_carlson_david_brooks_political_common_ground_in_a_polarized_united_states,"Gretchen Carlson, David Brooks",Political common ground in a polarized United States
2723,https://www.ted.com/talks/katie_bouman_what_does_a_black_hole_look_like,Katie Bouman,How to take a picture of a black hole
2725,https://www.ted.com/talks/sebastian_bortnik_the_conversation_we_re_not_having_about_digital_child_abuse,Sebastiá¡n Bortnik,The conversation we're not having about digital child abuse
2726,https://www.ted.com/talks/david_r_williams_how_racism_makes_us_sick,David R. Williams,How racism makes us sick
2727,https://www.ted.com/talks/giorgia_lupi_how_we_can_find_ourselves_in_data,Giorgia Lupi,How we can find ourselves in data
2728,https://www.ted.com/talks/ari_wallach_3_ways_to_plan_for_the_very_long_term,Ari Wallach,3 ways to plan for the (very) long term
2730,https://www.ted.com/talks/jonathan_marks_in_praise_of_conflict,Jonathan Marks,In praise of conflict
2729,https://www.ted.com/talks/todd_scott_an_intergalactic_guide_to_using_a_defibrillator,Todd Scott,An intergalactic guide to using a defibrillator
2731,https://www.ted.com/talks/zubaida_bai_a_simple_birth_kit_for_mothers_in_the_developing_world,Zubaida Bai,A simple birth kit for mothers in the developing world
2732,https://www.ted.com/talks/chimamanda_ngozi_adichie_we_should_all_be_feminists,Chimamanda Ngozi Adichie,We should all be feminists
2734,https://www.ted.com/talks/siamak_hariri_how_do_you_build_a_sacred_space,Siamak Hariri,How do you build a sacred space?
2736,https://www.ted.com/talks/natasha_hurley_walker_how_radio_telescopes_show_us_unseen_galaxies,Natasha Hurley-Walker,How radio telescopes show us unseen galaxies
2733,https://www.ted.com/talks/amy_green_a_video_game_to_cope_with_grief,Amy Green,A video game to cope with grief
2735,https://www.ted.com/talks/david_casarett_a_doctor_s_case_for_medical_marijuana,David Casarett,A doctor's case for medical marijuana
2741,https://www.ted.com/talks/curtis_wall_street_carroll_how_i_learned_to_read_and_trade_stocks_in_prison,"Curtis ""Wall Street"" Carroll",How I learned to read -- and trade stocks -- in prison
2737,https://www.ted.com/talks/stephanie_busari_how_fake_news_does_real_harm,Stephanie Busari,How fake news does real harm
2738,https://www.ted.com/talks/siddhartha_roy_science_in_service_to_the_public_good,Siddhartha Roy,Science in service to the public good
2744,https://www.ted.com/talks/pope_francis_why_the_only_future_worth_building_includes_everyone,His Holiness Pope Francis,Why the only future worth building includes everyone
2770,https://www.ted.com/talks/serena_williams_gayle_king_on_tennis_love_and_motherhood,Serena Williams and Gayle King,"On tennis, love and motherhood"
2771,https://www.ted.com/talks/lisa_genova_what_you_can_do_to_prevent_alzheimer_s,Lisa Genova,What you can do to prevent Alzheimer's
2774,https://www.ted.com/talks/elon_musk_the_future_we_re_building_and_boring,Elon Musk,The future we're building -- and boring
2769,https://www.ted.com/talks/deborah_lipstadt_behind_the_lies_of_holocaust_denial,Deborah Lipstadt,Behind the lies of Holocaust denial
2772,https://www.ted.com/talks/laura_galante_how_to_exploit_democracy,Laura Galante,How (and why) Russia hacked the US election
2739,https://www.ted.com/talks/sangu_delle_there_s_no_shame_in_taking_care_of_your_mental_health,Sangu Delle,There's no shame in taking care of your mental health
2775,https://www.ted.com/talks/karim_abouelnaga_a_summer_school_kids_actually_want_to_attend,Karim Abouelnaga,A summer school kids actually want to attend
2742,https://www.ted.com/talks/carolyn_jones_a_tribute_to_nurses,Carolyn Jones,A tribute to nurses
2779,https://www.ted.com/talks/robert_sapolsky_the_biology_of_our_best_and_worst_selves,Robert Sapolsky,The biology of our best and worst selves
2777,https://www.ted.com/talks/jorge_drexler_poetry_music_and_identity,Jorge Drexler,"Poetry, music and identity"
2780,https://www.ted.com/talks/shah_rukh_khan_thoughts_on_humanity_fame_and_love,Shah Rukh Khan,"Thoughts on humanity, fame and love"
2776,https://www.ted.com/talks/kate_stafford_how_human_noise_affects_ocean_habitats,Kate Stafford,How human noise affects ocean habitats
2781,https://www.ted.com/talks/stuart_russell_3_principles_for_creating_safer_ai,Stuart Russell,3 principles for creating safer AI
2778,https://www.ted.com/talks/lucy_kalanithi_what_makes_life_worth_living_in_the_face_of_death,Lucy Kalanithi,What makes life worth living in the face of death
2784,https://www.ted.com/talks/ted_halstead_a_climate_solution_where_all_sides_can_win,Ted Halstead,A climate solution where all sides can win
2783,https://www.ted.com/talks/wendy_troxel_why_school_should_start_later_for_teens,Wendy Troxel,Why school should start later for teens
2788,https://www.ted.com/talks/t_morgan_dixon_and_vanessa_garrison_walking_as_a_revolutionary_act_of_self_care,T. Morgan Dixon and Vanessa Garrison,"When Black women walk, things change"
2785,https://www.ted.com/talks/rutger_bregman_poverty_isn_t_a_lack_of_character_it_s_a_lack_of_cash,Rutger Bregman,Poverty isn't a lack of character; it's a lack of cash
2786,https://www.ted.com/talks/sitawa_wafula_why_i_speak_up_about_living_with_epilepsy,Sitawa Wafula,Why I speak up about living with epilepsy
2791,https://www.ted.com/talks/anthony_d_romero_this_is_what_democracy_looks_like,Anthony D. Romero,This is what democracy looks like
2793,https://www.ted.com/talks/nina_fedoroff_a_secret_weapon_against_zika_and_other_mosquito_borne_diseases,Nina Fedoroff,A secret weapon against Zika and other mosquito-borne diseases
2792,https://www.ted.com/talks/ok_go_how_to_find_a_wonderful_idea,OK Go,How to find a wonderful idea
2782,https://www.ted.com/talks/triona_mcgrath_how_pollution_is_changing_the_ocean_s_chemistry,Triona McGrath,How pollution is changing the ocean's chemistry
2787,https://www.ted.com/talks/garry_kasparov_don_t_fear_intelligent_machines_work_with_them,Garry Kasparov,Don't fear intelligent machines. Work with them
2794,https://www.ted.com/talks/marlon_peterson_am_i_not_human_a_call_for_criminal_justice_reform,Marlon Peterson,Am I not human? A call for criminal justice reform
2789,https://www.ted.com/talks/raj_panjabi_no_one_should_die_because_they_live_too_far_from_a_doctor,Raj Panjabi,No one should die because they live too far from a doctor
2795,https://www.ted.com/talks/rhiannon_giddens_3_songs_that_bring_history_to_life,Rhiannon Giddens,Songs that bring history to life
2743,https://www.ted.com/talks/michael_bierut_how_to_design_a_library_that_makes_kids_want_to_read,Michael Bierut,How to design a library that makes kids want to read
2796,https://www.ted.com/talks/michael_patrick_lynch_how_to_see_past_your_own_perspective_and_find_truth,Michael Patrick Lynch,How to see past your own perspective and find truth
2797,https://www.ted.com/talks/justin_davidson_why_shiny_glass_towers_are_bad_for_city_life,Justin Davidson,Why glass towers are bad for city life -- and what we need instead
2740,https://www.ted.com/talks/carina_morillo_to_understand_autism_don_t_look_away,Carina Morillo,"To understand autism, don't look away"
2798,https://www.ted.com/talks/mehdi_ordikhani_seyedlar_what_happens_in_your_brain_when_you_pay_attention,Mehdi Ordikhani-Seyedlar,What happens in your brain when you pay attention?
2801,https://www.ted.com/talks/anne_lamott_12_truths_i_learned_from_life_and_writing,Anne Lamott,12 truths I learned from life and writing
2799,https://www.ted.com/talks/tim_ferriss_why_you_should_define_your_fears_instead_of_your_goals,Tim Ferriss,Why you should define your fears instead of your goals
2804,https://www.ted.com/talks/richard_browning_how_i_built_a_jet_suit,Richard Browning,How I built a jet suit
2808,https://www.ted.com/talks/katrina_spade_when_i_die_recompose_me,Katrina Spade,"When I die, recompose me"
2800,https://www.ted.com/talks/sharon_terry_science_didn_t_understand_my_kids_rare_disease_until_i_decided_to_study_it,Sharon Terry,Science didn't understand my kids' rare disease until I decided to study it
2790,https://www.ted.com/talks/sofi_tukker_awoo,Sofi Tukker,"""Awoo"""
2806,https://www.ted.com/talks/jim_yong_kim_doesn_t_everyone_deserve_a_chance_at_a_good_life,Jim Yong Kim,Doesn't everyone deserve a chance at a good life?
2807,https://www.ted.com/talks/anab_jain_why_we_need_to_imagine_different_futures,Anab Jain,Why we need to imagine different futures
2805,https://www.ted.com/talks/david_miliband_the_refugee_crisis_is_a_test_of_our_character,David Miliband,The refugee crisis is a test of our character
2810,https://www.ted.com/talks/sinead_burke_why_design_should_include_everyone,Sinéad Burke,Why design should include everyone
2803,https://www.ted.com/talks/cheyenne_cochrane_a_celebration_of_natural_hair,Cheyenne Cochrane,A celebration of natural hair
2809,https://www.ted.com/talks/luma_mufleh_don_t_feel_sorry_for_refugees_believe_in_them,Luma Mufleh,Don't feel sorry for refugees -- believe in them
2812,https://www.ted.com/talks/manu_prakash_lifesaving_scientific_tools_made_of_paper,Manu Prakash,Lifesaving scientific tools made of paper
2811,https://www.ted.com/talks/rabbi_lord_jonathan_sacks_how_we_can_face_the_future_without_fear_together,Rabbi Lord Jonathan Sacks,"How we can face the future without fear, together"
2813,https://www.ted.com/talks/jorge_ramos_why_journalists_have_an_obligation_to_challenge_power,Jorge Ramos,Why journalists have an obligation to challenge power
2814,https://www.ted.com/talks/liz_hajek_what_rivers_can_tell_us_about_the_earth_s_history,Liz Hajek,What rivers can tell us about the earth's history
2815,https://www.ted.com/talks/adam_alter_why_our_screens_make_us_less_happy,Adam Alter,Why our screens make us less happy
2816,https://www.ted.com/talks/kate_marvel_can_clouds_buy_us_more_time_to_solve_climate_change,Kate Marvel,Can clouds buy us more time to solve climate change?
2817,https://www.ted.com/talks/anil_seth_how_your_brain_hallucinates_your_conscious_reality,Anil Seth,Your brain hallucinates your conscious reality
2818,https://www.ted.com/talks/tricia_wang_the_human_insights_missing_from_big_data,Tricia Wang,The human insights missing from big data
2819,https://www.ted.com/talks/noah_feldman_hamilton_vs_madison_and_the_birth_of_american_partisanship,Noah Feldman,Hamilton vs. Madison and the birth of American partisanship
2820,https://www.ted.com/talks/susan_robinson_how_i_fail_at_being_disabled,Susan Robinson,How I fail at being disabled
2827,https://www.ted.com/talks/grace_kim_how_cohousing_can_make_us_happier_and_live_longer,Grace Kim,How cohousing can make us happier (and live longer)
2821,https://www.ted.com/talks/jimmy_lin_a_simple_new_blood_test_that_can_catch_cancer_early,Jimmy Lin,A simple new blood test that can catch cancer early
2802,https://www.ted.com/talks/tristan_harris_the_manipulative_tricks_tech_companies_use_to_capture_your_attention,Tristan Harris,How a handful of tech companies control billions of minds every day
2822,https://www.ted.com/talks/jennifer_pluznick_you_smell_with_your_body_not_just_your_nose,Jennifer Pluznick,"You smell with your body, not just your nose"
2823,https://www.ted.com/talks/kristen_marhaver_why_i_still_have_hope_for_coral_reefs,Kristen Marhaver,Why I still have hope for coral reefs
2825,https://www.ted.com/talks/marc_raibert_meet_spot_the_robot_dog_that_can_run_hop_and_open_doors,Marc Raibert,"Meet Spot, the robot dog that can run, hop and open doors"
2826,https://www.ted.com/talks/titus_kaphar_can_art_amend_history,Titus Kaphar,Can art amend history?
2830,https://www.ted.com/talks/ingrid_betancourt_what_six_years_in_captivity_taught_me_about_fear_and_faith,Ingrid Betancourt,What six years in captivity taught me about fear and faith
2828,https://www.ted.com/talks/francoise_mouly_the_stories_behind_the_new_yorker_s_iconic_covers,Franá§oise Mouly,The stories behind The New Yorker's iconic covers
2829,https://www.ted.com/talks/joseph_redmon_how_a_computer_learns_to_recognize_objects_instantly,Joseph Redmon,How computers learn to recognize objects instantly
2841,https://www.ted.com/talks/tom_gruber_how_ai_can_enhance_our_memory_work_and_social_lives,Tom Gruber,"How AI can enhance our memory, work and social lives"
2836,https://www.ted.com/talks/anjan_chatterjee_how_your_brain_decides_what_is_beautiful,Anjan Chatterjee,How your brain decides what is beautiful
2843,https://www.ted.com/talks/ashton_applewhite_let_s_end_ageism,Ashton Applewhite,Let's end ageism
2849,https://www.ted.com/talks/david_baron_you_owe_it_to_yourself_to_experience_a_total_solar_eclipse,David Baron,You owe it to yourself to experience a total solar eclipse
2833,https://www.ted.com/talks/anne_madden_meet_the_microscopic_life_in_your_home_and_on_your_face,Anne Madden,Meet the microscopic life in your home -- and on your face
2851,https://www.ted.com/talks/jon_boogz_and_lil_buck_a_dance_to_honor_mother_earth,Jon Boogz and Lil Buck,A dance to honor Mother Earth
2837,https://www.ted.com/talks/damon_davis_what_i_saw_at_the_ferguson_protests,Damon Davis,Courage is contagious
2831,https://www.ted.com/talks/ronald_sullivan_how_i_help_free_innocent_people_from_prison,Ronald Sullivan,How I help free innocent people from prison
2834,https://www.ted.com/talks/manoush_zomorodi_how_boredom_can_lead_to_your_most_brilliant_ideas,Manoush Zomorodi,How boredom can lead to your most brilliant ideas
2838,https://www.ted.com/talks/jack_conte_how_artists_can_finally_get_paid_in_the_digital_age,Jack Conte,How artists can (finally) get paid in the digital age
2840,https://www.ted.com/talks/richard_j_berry_a_practical_way_to_help_the_homeless_find_work_and_safety,Richard J. Berry,A practical way to help the homeless find work and safety
2839,https://www.ted.com/talks/peter_calthorpe_7_principles_for_building_better_cities,Peter Calthorpe,7 principles for building better cities
2842,https://www.ted.com/talks/susan_pinker_the_secret_to_living_longer_may_be_your_social_life,Susan Pinker,The secret to living longer may be your social life
2844,https://www.ted.com/talks/anika_paulson_how_i_found_myself_through_music,Anika Paulson,How I found myself through music
2824,https://www.ted.com/talks/iyad_rahwan_what_moral_decisions_should_driverless_cars_make,Iyad Rahwan,What moral decisions should driverless cars make?
2845,https://www.ted.com/talks/cathy_o_neil_the_era_of_blind_faith_in_big_data_must_end,Cathy O'Neil,The era of blind faith in big data must end
2846,https://www.ted.com/talks/david_whyte_a_lyrical_bridge_between_past_present_and_future,David Whyte,"A lyrical bridge between past, present and future"
2850,https://www.ted.com/talks/carolyn_bertozzi_what_the_sugar_coating_on_your_cells_is_trying_to_tell_you,Carolyn Bertozzi,What the sugar coating on your cells is trying to tell you
2858,https://www.ted.com/talks/robin_hanson_what_would_happen_if_we_upload_our_brains_to_computers,Robin Hanson,What would happen if we upload our brains to computers?
2863,https://www.ted.com/talks/laolu_senbanjo_the_sacred_art_of_the_ori,Laolu Senbanjo,"""The Sacred Art of the Ori"""
2847,https://www.ted.com/talks/niki_okuk_when_workers_own_companies_the_economy_is_more_resilient,Niki Okuk,"When workers own companies, the economy is more resilient"
2848,https://www.ted.com/talks/tara_winkler_why_we_need_to_end_the_era_of_orphanages,Tara Winkler,Why we need to end the era of orphanages
2857,https://www.ted.com/talks/wanuri_kahiu_fun_fierce_and_fantastical_african_art,Wanuri Kahiu,"Fun, fierce and fantastical African art"
2852,https://www.ted.com/talks/noriko_arai_can_a_robot_pass_a_university_entrance_exam,Noriko Arai,Can a robot pass a university entrance exam?
2854,https://www.ted.com/talks/chance_coughenour_how_your_pictures_can_help_reclaim_lost_history,Chance Coughenour,How your pictures can help reclaim lost history
2866,https://www.ted.com/talks/jennifer_granick_how_the_us_government_spies_on_people_who_protest_including_you,Jennifer Granick,How the US government spies on people who protest -- including you
2864,https://www.ted.com/talks/chetan_bhatt_dare_to_refuse_the_origin_myths_that_claim_who_you_are,Chetan Bhatt,Dare to refuse the origin myths that claim who you are
2856,https://www.ted.com/talks/erin_marie_saltman_how_young_people_join_violent_extremist_groups_and_how_to_stop_them,Erin Marie Saltman,How young people join violent extremist groups -- and how to stop them
2855,https://www.ted.com/talks/daan_roosegaarde_a_smog_vacuum_cleaner_and_other_magical_city_designs,Daan Roosegaarde,A smog vacuum cleaner and other magical city designs
2859,https://www.ted.com/talks/ray_dalio_how_to_build_a_company_where_the_best_ideas_win,Ray Dalio,How to build a company where the best ideas win
2853,https://www.ted.com/talks/benjamin_grant_what_it_feels_like_to_see_earth_from_space,Benjamin Grant,What it feels like to see Earth from space
2865,https://www.ted.com/talks/tomas_saraceno_would_you_live_in_a_floating_city_in_the_sky,Tomàs Saraceno,Would you live in a floating city in the sky?
2873,https://www.ted.com/talks/olutimehin_adegbeye_who_belongs_in_a_city,OluTimehin Adegbeye,Who belongs in a city?
2876,https://www.ted.com/talks/caitlin_quattromani_and_lauran_arledge_how_our_friendship_survives_our_opposing_politics,Caitlin Quattromani and Lauran Arledge,How our friendship survives our opposing politics
2835,https://www.ted.com/talks/alexander_wagner_what_really_motivates_people_to_be_honest_in_business,Alexander Wagner,What really motivates people to be honest in business
2861,https://www.ted.com/talks/emily_esfahani_smith_there_s_more_to_life_than_being_happy,Emily Esfahani Smith,There's more to life than being happy
2875,https://www.ted.com/talks/pierre_thiam_a_forgotten_ancient_grain_that_could_help_africa_prosper,Pierre Thiam,A forgotten ancient grain that could help Africa prosper
2862,https://www.ted.com/talks/helen_czerski_fun_home_experiments_that_teach_you_physics,Helen Czerski,The fascinating physics of everyday life
2867,https://www.ted.com/talks/augie_picado_the_real_reason_manufacturing_jobs_are_disappearing,Augie Picado,The real reason manufacturing jobs are disappearing
2880,https://www.ted.com/talks/sethembile_msezane_living_sculptures_that_stand_for_history_s_truths,Sethembile Msezane,Living sculptures that stand for history's truths
2871,https://www.ted.com/talks/jun_wang_how_digital_dna_could_help_you_make_better_health_choices,Jun Wang,How digital DNA could help you make better health choices
2879,https://www.ted.com/talks/duarte_geraldino_what_we_re_missing_in_the_debate_about_immigration,Duarte Geraldino,What we're missing in the debate about immigration
2881,https://www.ted.com/talks/oluf_mi_taiwo_why_africa_must_become_a_center_of_knowledge_again,Olúfẹ́mi Táíwò,Why Africa must become a center of knowledge again
2869,https://www.ted.com/talks/armando_azua_bustos_the_most_martian_place_on_earth,Armando Azua-Bustos,The most Martian place on Earth
2870,https://www.ted.com/talks/radhika_nagpal_what_intelligent_machines_can_learn_from_a_school_of_fish,Radhika Nagpal,What intelligent machines can learn from a school of fish
2887,https://www.ted.com/talks/theo_e_j_wilson_a_black_man_goes_undercover_in_the_alt_right,Theo E.J. Wilson,A black man goes undercover in the alt-right
2882,https://www.ted.com/talks/karoliina_korppoo_how_a_video_game_might_help_us_build_better_cities,Karoliina Korppoo,How a video game might help us build better cities
2874,https://www.ted.com/talks/anindya_kundu_the_boost_students_need_to_overcome_obstacles,Anindya Kundu,The boost students need to overcome obstacles
2872,https://www.ted.com/talks/mei_lin_neo_the_fascinating_secret_lives_of_giant_clams,Mei Lin Neo,The fascinating secret lives of giant clams
2884,https://www.ted.com/talks/nabila_alibhai_why_people_of_different_faiths_are_painting_their_houses_of_worship_yellow,Nabila Alibhai,Why people of different faiths are painting their houses of worship yellow
2877,https://www.ted.com/talks/julio_gil_future_tech_will_give_you_the_benefits_of_city_life_anywhere,Julio Gil,Future tech will give you the benefits of city life anywhere
2878,https://www.ted.com/talks/anna_heringer_the_warmth_and_wisdom_of_mud_buildings,Anna Heringer,The warmth and wisdom of mud buildings
2888,https://www.ted.com/talks/christian_rodriguez_what_teen_pregnancy_looks_like_in_latin_america,Christian Rodrá­guez,What teen pregnancy looks like in Latin America
2896,https://www.ted.com/talks/euna_lee_what_i_learned_as_a_prisoner_in_north_korea,Euna Lee,What I learned as a prisoner in North Korea
2883,https://www.ted.com/talks/helen_pearson_lessons_from_the_longest_study_on_human_development,Helen Pearson,Lessons from the longest study on human development
2886,https://www.ted.com/talks/gabriela_gonzalez_how_ligo_discovered_gravitational_waves_and_what_might_be_next,Gabriela Gonzá¡lez,How LIGO discovered gravitational waves -- and what might be next
2892,https://www.ted.com/talks/prumsodun_ok_the_magic_of_khmer_classical_dance,Prumsodun Ok,The magic of Khmer classical dance
2885,https://www.ted.com/talks/levon_biss_mind_blowing_magnified_portraits_of_insects,Levon Biss,"Mind-blowing, magnified portraits of insects"
2889,https://www.ted.com/talks/nikki_webber_allen_don_t_suffer_from_your_depression_in_silence,Nikki Webber Allen,Don't suffer from your depression in silence
2898,https://www.ted.com/talks/sara_menker_a_global_food_crisis_may_be_only_a_decade_away,Sara Menker,A global food crisis may be less than a decade away
3012,https://www.ted.com/talks/christiane_amanpour_how_to_seek_truth_in_the_era_of_fake_news,Christiane Amanpour,How to seek truth in the era of fake news
2891,https://www.ted.com/talks/chika_ezeanya_esiobu_how_africa_can_use_its_traditional_knowledge_to_make_progress,Chika Ezeanya-Esiobu,How Africa can use its traditional knowledge to make progress
2901,https://www.ted.com/talks/eric_dyer_the_forgotten_art_of_the_zoetrope,Eric Dyer,The forgotten art of the zoetrope
3013,https://www.ted.com/talks/greg_gage_electrical_experiments_with_plants_that_count_and_communicate,Greg Gage,Electrical experiments with plants that count and communicate
2895,https://www.ted.com/talks/david_lee_why_jobs_of_the_future_won_t_feel_like_work,David Lee,Why jobs of the future won't feel like work
2894,https://www.ted.com/talks/sara_dewitt_3_fears_about_screen_time_for_kids_and_why_they_re_not_true,Sara DeWitt,3 fears about screen time for kids -- and why they're not true
3269,https://www.ted.com/talks/elif_shafak_the_revolutionary_power_of_diverse_thought,Elif Shafak,The revolutionary power of diverse thought
3114,https://www.ted.com/talks/paul_tasner_how_i_became_an_entrepreneur_at_66,Paul Tasner,How I became an entrepreneur at 66
3136,https://www.ted.com/talks/kristin_poinar_what_s_hidden_under_the_greenland_ice_sheet,Kristin Poinar,What's hidden under the Greenland ice sheet?
3231,https://www.ted.com/talks/elizabeth_wayne_we_can_hack_our_immune_cells_to_fight_cancer,Elizabeth Wayne,We can hack our immune cells to fight cancer
3367,https://www.ted.com/talks/margrethe_vestager_the_new_age_of_corporate_monopolies,Margrethe Vestager,The new age of corporate monopolies
3257,https://www.ted.com/talks/uldus_bakhtiozina_portraits_that_transform_people_into_whatever_they_want_to_be,Uldus Bakhtiozina,Portraits that transform people into whatever they want to be
3366,https://www.ted.com/talks/chris_sheldrick_a_precise_three_word_address_for_every_place_on_earth,Chris Sheldrick,"A precise, three-word address for every place on earth"
3280,https://www.ted.com/talks/huang_yi_kuka_a_human_robot_dance_duet,Huang Yi & KUKA,A human-robot dance duet
3362,https://www.ted.com/talks/gus_casely_hayford_the_powerful_stories_that_shaped_africa,Gus Casely-Hayford,The powerful stories that shaped Africa
3364,https://www.ted.com/talks/mike_kinney_a_pro_wrestler_s_guide_to_confidence,Mike Kinney,A pro wrestler's guide to confidence
2890,https://www.ted.com/talks/naomi_mcdougall_jones_what_it_s_like_to_be_a_woman_in_hollywood,Naomi McDougall Jones,What it's like to be a woman in Hollywood
3363,https://www.ted.com/talks/anjan_sundaram_why_i_risked_my_life_to_expose_a_government_massacre,Anjan Sundaram,Why I risked my life to expose a government massacre
3585,https://www.ted.com/talks/rocio_lorenzo_want_a_more_innovative_company_hire_more_women,Rocá­o Lorenzo,How diversity makes teams more innovative
3573,https://www.ted.com/talks/martin_ford_how_we_ll_earn_money_in_a_future_without_jobs,Martin Ford,How we'll earn money in a future without jobs
3574,https://www.ted.com/talks/carlos_bautista_the_awful_logic_of_land_mines_and_an_app_that_helps_people_avoid_them,Carlos Bautista,The awful logic of land mines -- and an app that helps people avoid them
3578,https://www.ted.com/talks/cynthia_erivo_natural_woman_and_johnny_and_donna,Cynthia Erivo,"""Natural Woman"" and ""Johnny and Donna"""
3595,https://www.ted.com/talks/zeynep_tufekci_we_re_building_a_dystopia_just_to_make_people_click_on_ads,Zeynep Tufekci,We're building a dystopia just to make people click on ads
3625,https://www.ted.com/talks/shonda_rhimes_and_cyndi_stivers_the_future_of_storytelling,Shonda Rhimes and Cyndi Stivers,The future of storytelling
3579,https://www.ted.com/talks/tim_kruger_can_we_stop_climate_change_by_removing_co2_from_the_air,Tim Kruger,Can we stop climate change by removing CO2 from the air?
3587,https://www.ted.com/talks/lauren_sallan_how_to_win_at_evolution_and_survive_a_mass_extinction,Lauren Sallan,How to win at evolution and survive a mass extinction
3596,https://www.ted.com/talks/nnedi_okorafor_sci_fi_stories_that_imagine_a_future_africa,Nnedi Okorafor,Sci-fi stories that imagine a future Africa
3583,https://www.ted.com/talks/giulia_enders_the_surprisingly_charming_science_of_our_gut,Giulia Enders,The surprisingly charming science of your gut
3592,https://www.ted.com/talks/amel_karboul_the_global_learning_crisis_and_what_to_do_about_it,Amel Karboul,The global learning crisis -- and what to do about it
3590,https://www.ted.com/talks/washington_wachira_for_the_love_of_birds,Washington Wachira,For the love of birds
3680,https://www.ted.com/talks/gretchen_carlson_how_we_can_end_sexual_harassment_at_work,Gretchen Carlson,How we can end sexual harassment at work
3591,https://www.ted.com/talks/ines_hercovich_why_women_stay_silent_after_sexual_assault,Inés Hercovich,Why women stay silent after sexual assault
3593,https://www.ted.com/talks/paul_hessburg_why_wildfires_have_gotten_worse_and_what_we_can_do_about_it,Paul Hessburg,Why wildfires have gotten worse -- and what we can do about it
3632,https://www.ted.com/talks/ameenah_gurib_fakim_an_interview_with_mauritius_s_first_female_president,Ameenah Gurib-Fakim and Stephanie Busari,An interview with Mauritius's first female president
3606,https://www.ted.com/talks/jon_bowers_we_should_aim_for_perfection_and_stop_fearing_failure,Jon Bowers,We should aim for perfection -- and stop fearing failure
3616,https://www.ted.com/talks/robert_muggah_the_biggest_risks_facing_cities_and_some_solutions,Robert Muggah,The biggest risks facing cities -- and some solutions
3612,https://www.ted.com/talks/victoria_pratt_how_judges_can_show_respect,Victoria Pratt,How judges can show respect
4366,https://www.ted.com/talks/teresa_njoroge_what_i_learned_serving_time_for_a_crime_i_didn_t_commit,Teresa Njoroge,What I learned serving time for a crime I didn't commit
3620,https://www.ted.com/talks/lloyd_pendleton_the_housing_first_approach_to_homelessness,Lloyd Pendleton,The Housing First approach to homelessness
3613,https://www.ted.com/talks/jackson_bird_how_to_talk_and_listen_to_transgender_people,Jackson Bird,How to talk (and listen) to transgender people
3615,https://www.ted.com/talks/david_titley_how_the_military_fights_climate_change,David Titley,How the military fights climate change
3365,https://www.ted.com/talks/christen_reighter_i_don_t_want_children_stop_telling_me_i_ll_change_my_mind,Christen Reighter,I don't want children -- stop telling me I'll change my mind
3614,https://www.ted.com/talks/beth_malone_how_my_dad_s_dementia_changed_my_idea_of_death_and_life,Beth Malone,How my dad's dementia changed my idea of death (and life)
3617,https://www.ted.com/talks/kayla_briet_why_do_i_make_art_to_build_time_capsules_for_my_heritage,Kayla Briá«t,Why do I make art? To build time capsules for my heritage
4463,https://www.ted.com/talks/per_espen_stoknes_how_to_transform_apocalypse_fatigue_into_action_on_global_warming,Per Espen Stoknes,How to transform apocalypse fatigue into action on global warming
3642,https://www.ted.com/talks/niti_bhan_the_hidden_opportunities_of_the_informal_economy,Niti Bhan,The hidden opportunities of the informal economy
3631,https://www.ted.com/talks/sarah_corbett_activism_needs_introverts,Sarah Corbett,Activism needs introverts
4539,https://www.ted.com/talks/scott_galloway_how_amazon_apple_facebook_and_google_manipulate_our_emotions,Scott Galloway,"How Amazon, Apple, Facebook and Google manipulate our emotions"
4669,https://www.ted.com/talks/mariano_sigman_and_dan_ariely_how_can_groups_make_good_decisions,Mariano Sigman and Dan Ariely,How can groups make good decisions?
4490,https://www.ted.com/talks/leah_chase_and_pat_mitchell_an_interview_with_the_queen_of_creole_cuisine,Leah Chase and Pat Mitchell,An interview with the Queen of Creole Cuisine
2868,https://www.ted.com/talks/elizabeth_blackburn_the_science_of_cells_that_never_get_old,Elizabeth Blackburn,The science of cells that never get old
3671,https://www.ted.com/talks/matilda_ho_the_future_of_good_food_in_china,Matilda Ho,The future of good food in China
3694,https://www.ted.com/talks/keller_rinaudo_how_we_re_using_drones_to_deliver_blood_and_save_lives,Keller Rinaudo,How we're using drones to deliver blood and save lives
5458,https://www.ted.com/talks/natsai_audrey_chieza_fashion_has_a_pollution_problem_can_biology_fix_it,Natsai Audrey Chieza,Fashion has a pollution problem -- can biology fix it?
3581,https://www.ted.com/talks/g_t_bynum_a_republican_mayor_s_plan_to_replace_partisanship_with_policy,G.T. Bynum,A Republican mayor's plan to replace partisanship with policy
3633,https://www.ted.com/talks/sebastian_thrun_and_chris_anderson_the_new_generation_of_computers_is_programming_itself,Sebastian Thrun and Chris Anderson,What AI is -- and isn't
4873,https://www.ted.com/talks/luvvie_ajayi_get_comfortable_with_being_uncomfortable,Luvvie Ajayi,Get comfortable with being uncomfortable
4755,https://www.ted.com/talks/justin_baldoni_why_i_m_done_trying_to_be_man_enough,Justin Baldoni,"Why I'm done trying to be ""man enough"""
4062,https://www.ted.com/talks/martina_flor_the_secret_language_of_letter_design,Martina Flor,The secret language of letter design
3686,https://www.ted.com/talks/dan_gartenberg_the_brain_benefits_of_deep_sleep_and_how_to_get_more_of_it,Dan Gartenberg,The brain benefits of deep sleep -- and how to get more of it
6235,https://www.ted.com/talks/alastair_gray_how_fake_handbags_fund_terrorism_and_organized_crime,Alastair Gray,How fake handbags fund terrorism and organized crime
5072,https://www.ted.com/talks/devita_davison_how_urban_agriculture_is_transforming_detroit,Devita Davison,How urban agriculture is transforming Detroit
6234,https://www.ted.com/talks/dao_nguyen_what_makes_something_go_viral,Dao Nguyen,What makes something go viral?
6477,https://www.ted.com/talks/nadine_hachach_haram_how_augmented_reality_could_change_the_future_of_surgery,Nadine Hachach-Haram,How augmented reality could change the future of surgery
6286,https://www.ted.com/talks/xavier_de_kestelier_adventures_of_an_interplanetary_architect,Xavier De Kestelier,Adventures of an interplanetary architect
5498,https://www.ted.com/talks/gautam_bhan_a_bold_plan_to_house_100_million_people,Gautam Bhan,A bold plan to house 100 million people
5116,https://www.ted.com/talks/miho_janvier_lessons_from_a_solar_storm_chaser,Miho Janvier,Lessons from a solar storm chaser
6298,https://www.ted.com/talks/joan_blades_and_john_gable_free_yourself_from_your_filter_bubbles,Joan Blades and John Gable,Free yourself from your filter bubbles
7060,https://www.ted.com/talks/kamau_gachigi_success_stories_from_kenya_s_first_makerspace,Kamau Gachigi,Success stories from Kenya's first makerspace
4958,https://www.ted.com/talks/david_brenner_a_new_weapon_in_the_fight_against_superbugs,David Brenner,A new weapon in the fight against superbugs
5162,https://www.ted.com/talks/angela_wang_how_china_is_changing_the_future_of_shopping,Angela Wang,How China is changing the future of shopping
3623,https://www.ted.com/talks/atul_gawande_want_to_get_great_at_something_get_a_coach,Atul Gawande,Want to get great at something? Get a coach
6287,https://www.ted.com/talks/javed_akhtar_the_gift_of_words,Javed Akhtar,The gift of words
7592,https://www.ted.com/talks/tiffany_watt_smith_the_history_of_human_emotions,Tiffany Watt Smith,The history of human emotions
7395,https://www.ted.com/talks/yvette_alberdingk_thijm_the_power_of_citizen_video_to_create_undeniable_truths,Yvette Alberdingk Thijm,The power of citizen video to create undeniable truths
6379,https://www.ted.com/talks/joel_jackson_a_vehicle_built_in_africa_for_africa,Joel Jackson,"A vehicle built in Africa, for Africa"
6493,https://www.ted.com/talks/deborah_willis_and_hank_willis_thomas_a_mother_and_son_united_by_love_and_art,Deborah Willis and Hank Willis Thomas,A mother and son united by love and art
6496,https://www.ted.com/talks/christian_benimana_the_next_generation_of_african_architects_and_designers,Christian Benimana,The next generation of African architects and designers
6553,https://www.ted.com/talks/heather_lanier_good_and_bad_are_incomplete_stories_we_tell_ourselves,Heather Lanier,"""Good"" and ""bad"" are incomplete stories we tell ourselves"
6594,https://www.ted.com/talks/christopher_ategeka_how_adoption_worked_for_me,Christopher Ategeka,How adoption worked for me
8419,https://www.ted.com/talks/lisa_feldman_barrett_you_aren_t_at_the_mercy_of_your_emotions_your_brain_creates_them,Lisa Feldman Barrett,You aren't at the mercy of your emotions -- your brain creates them
8418,https://www.ted.com/talks/lana_mazahreh_3_thoughtful_ways_to_conserve_water,Lana Mazahreh,3 thoughtful ways to conserve water
2860,https://www.ted.com/talks/arik_hartmann_our_treatment_of_hiv_has_advanced_why_hasn_t_the_stigma_changed,Arik Hartmann,Our treatment of HIV has advanced. Why hasn't the stigma changed?
6639,https://www.ted.com/talks/sue_jaye_johnson_what_we_don_t_teach_kids_about_sex,Sue Jaye Johnson,What we don't teach kids about sex
8420,https://www.ted.com/talks/stewart_brand_and_chris_anderson_mammoths_resurrected_geoengineering_and_other_thoughts_from_a_futurist,Stewart Brand and Chris Anderson,"Mammoths resurrected, geoengineering and other thoughts from a futurist"
6668,https://www.ted.com/talks/touria_el_glaoui_inside_africa_s_thriving_art_scene,Touria El Glaoui,Inside Africa's thriving art scene
8417,https://www.ted.com/talks/soyapi_mumba_medical_tech_designed_to_meet_africa_s_needs,Soyapi Mumba,Medical tech designed to meet Africa's needs
7394,https://www.ted.com/talks/mindy_scheier_how_adaptive_clothing_empowers_people_with_disabilities,Mindy Scheier,How adaptive clothing empowers people with disabilities
6669,https://www.ted.com/talks/kevin_njabo_how_we_can_stop_africa_s_scientific_brain_drain,Kevin Njabo,How we can stop Africa's scientific brain drain
8422,https://www.ted.com/talks/alexis_charpentier_how_record_collectors_find_lost_music_and_preserve_our_cultural_heritage,Alexis Charpentier,How record collectors find lost music and preserve our cultural heritage
8423,https://www.ted.com/talks/marily_oppezzo_want_to_be_more_creative_go_for_a_walk,Marily Oppezzo,Want to be more creative? Go for a walk
8588,https://www.ted.com/talks/jacob_collier_a_one_man_audio_visual_viral_sensation,Jacob Collier,A one-man musical phenomenon
8421,https://www.ted.com/talks/vivek_maru_how_to_put_the_power_of_law_in_people_s_hands,Vivek Maru,How to put the power of law in people's hands
9048,https://www.ted.com/talks/matt_goldman_the_search_for_aha_moments,Matt Goldman,"The search for ""aha!"" moments"
9219,https://www.ted.com/talks/michelle_knox_talk_about_your_death_while_you_re_still_healthy,Michelle Knox,Talk about your death while you're still healthy
8589,https://www.ted.com/talks/scott_williams_the_hidden_role_informal_caregivers_play_in_health_care,Scott Williams,The hidden role informal caregivers play in health care
8606,https://www.ted.com/talks/anna_rosling_ronnlund_see_how_the_rest_of_the_world_lives_organized_by_income,Anna Rosling Rönnlund,"See how the rest of the world lives, organized by income"
8799,https://www.ted.com/talks/bob_inglis_american_bipartisan_politics_can_be_saved_here_s_how,Bob Inglis,American bipartisan politics can be saved -- here's how
8779,https://www.ted.com/talks/azim_khamisa_and_ples_felix_what_comes_after_tragedy_forgiveness,Azim Khamisa and Ples Felix,What comes after tragedy? Forgiveness
8947,https://www.ted.com/talks/cleo_wade_want_to_change_the_world_start_by_being_brave_enough_to_care,Cleo Wade,Want to change the world? Start by being brave enough to care
6602,https://www.ted.com/talks/naoko_ishii_an_economic_case_for_saving_the_planet,Naoko Ishii,An economic case for protecting the planet
8786,https://www.ted.com/talks/edsel_salvana_the_dangerous_evolution_of_hiv,Edsel Salvaña,The dangerous evolution of HIV
8866,https://www.ted.com/talks/wendy_woods_the_business_benefits_of_doing_good,Wendy Woods,The business benefits of doing good
8787,https://www.ted.com/talks/george_steinmetz_photos_of_africa_taken_from_a_flying_lawn_chair,George Steinmetz,"Photos of Africa, taken from a flying lawn chair"
8780,https://www.ted.com/talks/leila_takayama_what_s_it_like_to_be_a_robot,Leila Takayama,What's it like to be a robot?
8788,https://www.ted.com/talks/david_katz_the_surprising_solution_to_ocean_plastic,David Katz,The surprising solution to ocean plastic
9464,https://www.ted.com/talks/amar_inamdar_the_thrilling_potential_for_off_grid_solar_energy,Amar Inamdar,The thrilling potential for off-grid solar energy
6672,https://www.ted.com/talks/fredros_okumu_how_i_study_the_most_dangerous_animal_on_earth_the_mosquito,Fredros Okumu,Why I study the most dangerous animal on earth -- mosquitoes
9033,https://www.ted.com/talks/mike_gil_could_fish_social_networks_help_us_save_coral_reefs,Mike Gil,Could fish social networks help us save coral reefs?
9463,https://www.ted.com/talks/susan_david_the_gift_and_power_of_emotional_courage,Susan David,The gift and power of emotional courage
9125,https://www.ted.com/talks/anjali_kumar_my_failed_mission_to_find_god_and_what_i_found_instead,Anjali Kumar,My failed mission to find God -- and what I found instead
9636,https://www.ted.com/talks/mwende_freequency_katwiwa_black_life_at_the_intersection_of_birth_and_death,"Mwende ""FreeQuency"" Katwiwa",Black life at the intersection of birth and death
9473,https://www.ted.com/talks/danielle_wood_how_we_can_use_space_technology_to_improve_life_on_earth,Danielle Wood,6 space technologies we can use to improve life on Earth
9214,https://www.ted.com/talks/stuart_duncan_how_i_use_minecraft_to_help_kids_with_autism,Stuart Duncan,How I use Minecraft to help kids with autism
6671,https://www.ted.com/talks/peter_ouko_how_i_earned_a_law_diploma_while_on_death_row,Peter Ouko,From death row to law graduate
9987,https://www.ted.com/talks/guy_winch_how_to_fix_a_broken_heart,Guy Winch,How to fix a broken heart
9403,https://www.ted.com/talks/su_kahumbu_how_we_can_help_hungry_kids_one_text_at_a_time,Su Kahumbu,"How we can help hungry kids, one text at a time"
9296,https://www.ted.com/talks/karen_lloyd_this_deep_sea_mystery_is_changing_our_understanding_of_life,Karen Lloyd,This deep-sea mystery is changing our understanding of life
9687,https://www.ted.com/talks/john_cary_how_architecture_can_create_dignity_for_all,John Cary,How architecture can create dignity for all
9781,https://www.ted.com/talks/zachariah_mampilly_how_protest_is_redefining_democracy_around_the_world,Zachariah Mampilly,How protest is redefining democracy around the world
9986,https://www.ted.com/talks/mohamad_jebara_this_company_pays_kids_to_do_their_math_homework,Mohamad Jebara,This company pays kids to do their math homework
9807,https://www.ted.com/talks/valarie_kaur_3_lessons_of_revolutionary_love_in_a_time_of_rage,Valarie Kaur,3 lessons of revolutionary love in a time of rage
9985,https://www.ted.com/talks/tito_deler_my_fine_reward,Tito Deler,"""My Fine Reward"""
10173,https://www.ted.com/talks/bhu_srinivasan_capitalism_isn_t_an_ideology_it_s_an_operating_system,Bhu Srinivasan,Capitalism isn't an ideology -- it's an operating system
9126,https://www.ted.com/talks/nina_dolvik_brochmann_and_ellen_stokken_dahl_the_virginity_fraud,Nina Dølvik Brochmann and Ellen Støkken Dahl,The virginity fraud
9988,https://www.ted.com/talks/marco_alvera_the_surprising_ingredient_that_makes_businesses_work_better,Marco Alverá,The surprising ingredient that makes businesses work better
10376,https://www.ted.com/talks/dixon_chibanda_why_i_train_grandmothers_to_treat_depression,Dixon Chibanda,Why I train grandmothers to treat depression
9989,https://www.ted.com/talks/wale_oyejide_fashion_that_celebrates_african_strength_and_spirit,Walé Oyéjidé,Fashion that celebrates African strength and spirit
10193,https://www.ted.com/talks/amit_kalra_3_creative_ways_to_fix_fashion_s_waste_problem,Amit Kalra,3 creative ways to fix fashion's waste problem
10358,https://www.ted.com/talks/tanya_menon_the_secret_to_great_opportunities_the_person_you_haven_t_met_yet,Tanya Menon,The secret to great opportunities? The person you haven't met yet
10360,https://www.ted.com/talks/margaret_mitchell_how_we_can_build_ai_to_help_humans_not_hurt_us,Margaret Mitchell,"How we can build AI to help humans, not hurt us"
10550,https://www.ted.com/talks/jason_shen_looking_for_a_job_highlight_your_ability_not_your_experience,Jason Shen,"Looking for a job? Highlight your ability, not your experience"
10666,https://www.ted.com/talks/howard_c_stevenson_how_to_resolve_racially_stressful_situations,Howard C. Stevenson,How to resolve racially stressful situations
10802,https://www.ted.com/talks/nilay_kulkarni_a_life_saving_invention_that_prevents_human_stampedes,Nilay Kulkarni,A life-saving invention that prevents human stampedes
10378,https://www.ted.com/talks/robert_hakiza_refugees_want_empowerment_not_handouts,Robert Hakiza,"Refugees want empowerment, not handouts"
10681,https://www.ted.com/talks/tiffany_kagure_mugo_and_siphumeze_khundayi_how_to_have_a_healthier_positive_relationship_to_sex,Tiffany Kagure Mugo and Siphumeze Khundayi,"How to have a healthier, positive relationship to sex"
10975,https://www.ted.com/talks/tapiwa_chiwewe_you_don_t_have_to_be_an_expert_to_solve_big_problems,Tapiwa Chiwewe,You don't have to be an expert to solve big problems
9930,https://www.ted.com/talks/ilona_stengel_the_role_of_human_emotions_in_science_and_research,Ilona Stengel,The role of human emotions in science and research
10807,https://www.ted.com/talks/chuck_nice_a_funny_look_at_the_unintended_consequences_of_technology,Chuck Nice,A funny look at the unintended consequences of technology
11008,https://www.ted.com/talks/raymond_tang_be_humble_and_other_lessons_from_the_philosophy_of_water,Raymond Tang,Be humble -- and other lessons from the philosophy of water
10362,https://www.ted.com/talks/wendy_suzuki_the_brain_changing_benefits_of_exercise,Wendy Suzuki,The brain-changing benefits of exercise
10835,https://www.ted.com/talks/shameem_akhtar_to_learn_is_to_be_free,Shameem Akhtar,To learn is to be free
11226,https://www.ted.com/talks/dustin_schroeder_how_we_look_kilometers_below_the_antarctic_ice_sheet,Dustin Schroeder,How we look kilometers below the Antarctic ice sheet
10727,https://www.ted.com/talks/felice_belle_and_jennifer_murphy_how_we_became_sisters,Felice Belle and Jennifer Murphy,How we became sisters
11087,https://www.ted.com/talks/minda_dentler_what_i_learned_when_i_conquered_the_world_s_toughest_triathlon,Minda Dentler,What I learned when I conquered the world's toughest triathlon
11720,https://www.ted.com/talks/marc_bamuthi_joseph_what_soccer_can_teach_us_about_freedom,Marc Bamuthi Joseph,What soccer can teach us about freedom
10361,https://www.ted.com/talks/petter_johansson_do_you_really_know_why_you_do_what_you_do,Petter Johansson,Do you really know why you do what you do?
10750,https://www.ted.com/talks/kaustav_dey_how_fashion_helps_us_express_who_we_are_and_what_we_stand_for,Kaustav Dey,How fashion helps us express who we are -- and what we stand for
11199,https://www.ted.com/talks/naomi_klein_how_shocking_events_can_spark_positive_change,Naomi Klein,How shocking events can spark positive change
11684,https://www.ted.com/talks/simone_bianco_and_tom_zimmerman_the_wonderful_world_of_life_in_a_drop_of_water,Simone Bianco and Tom Zimmerman,The wonderful world of life in a drop of water
11685,https://www.ted.com/talks/musimbi_kanyoro_to_solve_the_world_s_biggest_problems_invest_in_women_and_girls,Musimbi Kanyoro,"To solve the world's biggest problems, invest in women and girls"
12355,https://www.ted.com/talks/worklife_with_adam_grant_dear_billionaire_i_give_you_a_d_minus,WorkLife with Adam Grant,How to love criticism
12356,https://www.ted.com/talks/worklife_with_adam_grant_creative_burstiness_at_the_daily_show,WorkLife with Adam Grant,The Daily Show's secret to creativity
11871,https://www.ted.com/talks/sophie_andrews_the_best_way_to_help_is_often_just_to_listen,Sophie Andrews,The best way to help is often just to listen
11089,https://www.ted.com/talks/ike_ude_the_radical_beauty_of_africa_in_portraits,IkÃ© UdÃ©,"The radical beauty of Africa, in portraits"
11486,https://www.ted.com/talks/deanna_van_buren_what_a_world_without_prisons_could_look_like,Deanna Van Buren,What a world without prisons could look like
11869,https://www.ted.com/talks/alvin_irby_how_to_inspire_every_child_to_be_a_lifelong_reader,Alvin Irby,How to inspire every child to be a lifelong reader
9951,https://www.ted.com/talks/daniel_susskind_3_myths_about_the_future_of_work_and_why_they_re_not_true,Daniel Susskind,3 myths about the future of work (and why they're not true)
3618,https://www.ted.com/talks/hadi_eldebek_how_artists_contribute_to_the_economy_and_how_we_can_support_them,Hadi Eldebek,Why must artists be poor?
10274,https://www.ted.com/talks/isabel_wilkerson_the_great_migration_and_the_power_of_a_single_decision,Isabel Wilkerson,The Great Migration and the power of a single decision
12347,https://www.ted.com/talks/paola_antonelli_the_3_000_year_history_of_the_hoodie,Paola Antonelli,"The 3,000-year history of the hoodie"
12348,https://www.ted.com/talks/caroline_weaver_why_the_pencil_is_perfect,Caroline Weaver,Why the pencil is perfect
12349,https://www.ted.com/talks/daniel_engber_how_the_progress_bar_keeps_you_sane,Daniel Engber,How the progress bar keeps you sane
12350,https://www.ted.com/talks/kyra_gaunt_how_the_jump_rope_got_its_rhythm,Kyra Gaunt,How the jump rope got its rhythm
12351,https://www.ted.com/talks/isaac_mizrahi_how_the_button_changed_fashion,Isaac Mizrahi,How the button changed fashion
12352,https://www.ted.com/talks/david_rockwell_the_hidden_ways_stairs_shape_your_life,David Rockwell,The hidden ways stairs shape your life
12353,https://www.ted.com/talks/margaret_gould_stewart_how_the_hyperlink_changed_everything,Margaret Gould Stewart,How the hyperlink changed everything
12499,https://www.ted.com/talks/worklife_with_adam_grant_the_team_of_humble_stars,WorkLife with Adam Grant,The problem with all-stars
12346,https://www.ted.com/talks/michael_bierut_the_genius_of_the_london_tube_map,Michael Bierut,The genius of the London Tube Map
12459,https://www.ted.com/talks/rei_my_mama_black_banana,Rei,"""my mama"" / ""BLACK BANANA"""
12354,https://www.ted.com/talks/sally_kohn_what_we_can_do_about_the_culture_of_hate,Sally Kohn,What we can do about the culture of hate
11997,https://www.ted.com/talks/adong_judith_how_i_use_art_to_bridge_misunderstanding,Adong Judith,How I use art to bridge misunderstanding
12303,https://www.ted.com/talks/bob_stein_a_rite_of_passage_for_late_life,Bob Stein,A rite of passage for late life
11337,https://www.ted.com/talks/liz_ogbu_what_if_gentrification_was_about_healing_communities_instead_of_displacing_them,Liz Ogbu,What if gentrification was about healing communities instead of displacing them?
12302,https://www.ted.com/talks/soka_moses_for_survivors_of_ebola_the_crisis_isn_t_over,Soka Moses,"For survivors of Ebola, the crisis isn't over"
11327,https://www.ted.com/talks/vittorio_loreto_need_a_new_idea_start_at_the_edge_of_what_is_known,Vittorio Loreto,Need a new idea? Start at the edge of what is known
12060,https://www.ted.com/talks/eve_abrams_the_human_stories_behind_mass_incarceration,Eve Abrams,The human stories behind mass incarceration
12748,https://www.ted.com/talks/worklife_with_adam_grant_is_your_personality_more_flexible_than_you_think,WorkLife with Adam Grant,Your hidden personality
12066,https://www.ted.com/talks/amishi_jha_how_to_tame_your_wandering_mind,Amishi Jha,How to tame your wandering mind
12803,https://www.ted.com/talks/sauti_sol_the_rhythm_of_afrobeat,Sauti Sol,The rhythm of Afrobeat
9982,https://www.ted.com/talks/matthias_mullenbeck_what_if_we_paid_doctors_to_keep_people_healthy,Matthias MÃ¼llenbeck,What if we paid doctors to keep people healthy?
12501,https://www.ted.com/talks/vikram_sharma_how_quantum_physics_can_make_encryption_stronger,Vikram Sharma,How quantum physics can make encryption stronger
13062,https://www.ted.com/talks/mennat_el_ghalid_how_fungi_recognize_and_infect_plants,Mennat El Ghalid,How fungi recognize (and infect) plants
12908,https://www.ted.com/talks/erica_stone_academic_research_is_publicly_funded_why_isn_t_it_publicly_available,Erica Stone,Academic research is publicly funded -- why isn't it publicly available?
12202,https://www.ted.com/talks/ndidi_nwuneli_the_role_of_faith_and_belief_in_modern_africa,Ndidi Nwuneli,The role of faith and belief in modern Africa