,0
bf,75
gk,46
telomeres,40
abed,39
mzuri,36
jf,36
indus,33
fonio,32
teszler,30
tkm,30
connectome,29
ems,29
bombsight,28
edi,27
isirika,26
fb,26
quad,25
nl,24
lesters,22
whitopia,21
raisuddin,21
ravi,21
nanopatch,21
atrazine,21
bonica,21
sweeney,20
lesterland,20
jana,20
kuliko,20
rng,20
rsw,19
romo,19
musu,19
gwen,18
phthalates,18
kt,18
mammogram,18
galois,18
foxo,18
bertie,18
iw,17
antiangiogenic,17
superconductor,17
agf,16
molas,16
kanner,16
freespeech,16
sudhir,16
heforshe,16
replicator,16
solly,16
mouaz,15
weibo,15
elam,15
daf,15
zk,15
progeria,15
pigmentation,15
paralegals,15
cymatics,14
len,14
naghma,14
calais,14
404,14
gphin,14
e8,14
broadmoor,14
galvao,14
bina,14
incra,13
kkm,13
catadores,13
browne,13
mbi,13
brigades,13
jenipher,13
ea,13
thula,13
tembererana,13
mathematica,13
beheading,13
dragline,13
tbp,13
rockett,12
coumarin,12
todai,12
dreadnoughtus,12
samaritans,12
stroman,12
bonnet,12
gratefulness,12
cyril,12
astrolabe,12
hololens,12
norse,12
skycar,12
kathy,12
shadi,12
alhambra,12
micrornas,11
mildness,11
alec,11
ageism,11
vivian,11
encoder,11
robicsek,11
zoe,11
littlebits,11
tori,11
rezero,11
farai,11
breton,11
faiza,11
connectomes,10
marduk,10
marimba,10
okapi,10
martine,10
gowanus,10
yum,10
prego,10
nonverbals,10
sys,10
manson,10
ls,10
juliano,10
minto,10
jenesis,10
ec,10
jarrett,10
yv,10
justinesacco,10
mz,10
kaluza,10
cargill,10
pleurobot,10
fluctus,9
hany,9
futureless,9
ue,9
nk,9
muti,9
gurdy,9
bjk,9
itjtawy,9
aveling,9
clonie,9
arrowheads,9
tariq,9
bfib,9
spinosaurus,9
telomere,9
misfit,9
brunel,9
ironman,9
navid,9
jirga,9
milkweed,9
hurdy,9
olé,9
vila,9
cruzeiro,9
uncontacted,9
pxe,9
dirigible,9
queerer,9
pauling,9
davinia,9
humanae,9
hyacinth,9
hirshhorn,9
afrika,9
kleiber,9
jy,9
dravidian,9
zeinab,8
shreddies,8
ifafricawasabar,8
thordis,8
altos,8
chaz,8
osmakac,8
decompiculture,8
sargassum,8
kiteflyer,8
baakir,8
quixote,8
siftables,8
interagency,8
mockingbird,8
rejuvenation,8
khamisa,8
karajan,8
manya,8
gmt,8
stoicism,8
wingsuit,8
malala,8
bossy,8
greenville,8
gezi,8
tapeworm,8
lorna,8
sousa,8
http,8
microrna,8
midden,8
trudeau,8
kenema,8
desiccation,8
denny,8
detroiters,8
ifakara,8
kush,8
ethnosphere,8
remittance,8
umar,8
crony,8
hyperscore,8
udo,8
csf,8
wangu,8
hysteria,8
cura,8
coffeehouse,8
temes,7
beijerinck,7
luria,7
judd,7
airstream,7
hemlock,7
milly,7
olu,7
bassam,7
jordans,7
habeus,7
prospera,7
carroças,7
tewksbury,7
rhinoviruses,7
barbaria,7
tzvika,7
otaku,7
molly,7
ld,7
hyperloop,7
kidogo,7
cheetos,7
hells,7
seatbelt,7
vertices,7
papercutting,7
mumble,7
noam,7
sughar,7
imagenet,7
volantor,7
manju,7
bloop,7
africanism,7
piazza,7
adrianne,7
piero,7
piga,7
bia,7
neocortical,7
nonhuman,7
maggie,7
huli,7
plutocracy,7
paroxetine,7
ecosia,7
brianna,7
ecx,7
bernoulli,7
vg,7
parainfluenza,7
tmd,7
femto,7
jg,7
mídia,7
atkins,7
lentils,7
fildes,7
ragù,7
sacco,7
heinz,7
toxo,7
fischeri,7
dansi,7
electrogram,6
cala,6
cot,6
leahy,6
rete,6
ia,6
pravastatin,6
convulsion,6
omer,6
lsst,6
bayesian,6
gacaca,6
elissa,6
tembere,6
milgram,6
snobbery,6
biofabrication,6
milliken,6
erick,6
kettles,6
nyota,6
procrastinate,6
cannibals,6
boca,6
rossy,6
abalone,6
ananipenda,6
musa,6
technocratic,6
colour,6
extrasolar,6
meegeren,6
gerontology,6
napot,6
kooks,6
hwt,6
melquiades,6
naser,6
wofford,6
transporter,6
brightmoor,6
griselda,6
athenian,6
pjc,6
spectrogram,6
tamara,6
dodecahedron,6
lymphatic,6
herodotus,6
hatzalah,6
beheadings,6
bujold,6
tassa,6
guga,6
postsecret,6
4shbab,6
matty,6
aicha,6
crisper,6
astrolabes,6
igf,6
hydrostatic,6
usain,6
zullinger,6
osun,6
ffl,6
bla,6
cavefishes,6
entrainment,6
manshiyat,6
centella,6
headrest,6
vivor,6
moog,6
foreplay,6
allosphere,6
wilkins,6
avelile,6
goering,6
blablacar,6
tidied,6
chern,6
introversion,6
clathrin,6
oshea,6
netizens,6
hyowon,6
fn,6
tmm,6
aromatase,6
subtypes,6
faunal,6
necrophilia,6
subclinical,6
siftable,6
ansar,6
terawatt,6
ferrofluid,6
torajans,6
xml,6
quartile,6
bartok,6
barricelli,6
hasbro,6
jó,6
warby,6
upwake,6
netra,6
protocell,6
toonchi,6
schlaug,6
protonmail,6
ligament,6
lonesome,6
mockingbirds,6
ricans,6
tomm,6
mansa,6
bhutanese,5
iliac,5
maidan,5
bhumika,5
lactation,5
superhydrophobic,5
umm,5
kufungisisa,5
supernormal,5
lamanites,5
leandro,5
hungarians,5
kp,5
jyk,5
kédougou,5
sunfish,5
goran,5
hedy,5
umwelt,5
kéré,5
volta,5
mansfield,5
trina,5
suki,5
sura,5
binti,5
heparin,5
susana,5
vivre,5
libra,5
athleticism,5
legadema,5
wewe,5
basingstoke,5
teresia,5
armantrout,5
helpline,5
tetrahymena,5
weblogs,5
anagrams,5
jeanny,5
joie,5
journeyman,5
lexicographical,5
jovita,5
lexicography,5
theremin,5
bannister,5
locomotor,5
tyrone,5
leymah,5
locality,5
avaz,5
amjad,5
jenn,5
helios,5
kurdistan,5
tritium,5
haring,5
basit,5
tepuis,5
tendai,5
jobana,5
bertha,5
annuals,5
icefall,5
kona,5
taft,5
lassa,5
turkana,5
taji,5
kludge,5
talgam,5
belshazzar,5
taniyama,5
vexillological,5
teme,5
huaorani,5
hexene,5
bednets,5
gujarati,5
karstic,5
beatboxing,5
ack,5
ji,5
vashem,5
uberpool,5
kenobi,5
allegiances,5
whewell,5
springy,5
manvendra,5
moskowitz,5
chemokines,5
scytodes,5
musica,5
yad,5
myesha,5
cloudburst,5
yako,5
fishbowl,5
mapendo,5
nakutegemea,5
yarn,5
narcosis,5
yb,5
natanz,5
rotterdam,5
communitas,5
nematode,5
selasi,5
cesar,5
nemo,5
centenarians,5
galvani,5
miko,5
mildred,5
callum,5
canning,5
sitopia,5
cantor,5
siq,5
cao,5
sintia,5
frigoris,5
siena,5
carroça,5
ml,5
shoutin,5
moe,5
cavitation,5
roma,5
neowise,5
garífuna,5
rabin,5
deconstructive,5
osorio,5
engelbart,5
demobilized,5
dereck,5
electrolyte,5
dharamsala,5
poupon,5
panpsychist,5
eggplant,5
ebert,5
dispatcher,5
patreon,5
patrollers,5
duplex,5
dongguan,5
permian,5
ines,5
onicha,5
felice,5
oncogene,5
connexions,5
rhinovirus,5
reuther,5
nightingale,5
nikolayevich,5
repayment,5
reinnervation,5
novocure,5
evolvable,5
evel,5
obsessional,5
eulogy,5
euclidean,5
rca,5
rawls,5
ome,5
ommm,5
microfluidic,5
safemart,5
itay,5
irreverence,5
gelem,5
girltrek,5
mauch,5
sub1,5
breadwinning,5
spacewalk,5
wishbone,5
gbm,5
683,5
blackawton,5
4chan,5
sodis,5
braddock,5
biohacker,4
cyark,4
superconductors,4
gourd,4
globaloney,4
kufa,4
rayan,4
amnesiac,4
orgel,4
antipsychotic,4
cymatic,4
rapamycin,4
glamorized,4
amygdalas,4
dative,4
rana,4
daesh,4
knopf,4
knievel,4
undesired,4
andrea,4
martinez,4
anatomage,4
strieber,4
danilo,4
unprisoned,4
radiology,4
supergays,4
ranches,4
soc,4
etete,4
repatriated,4
swenson,4
conqueror,4
swellings,4
nhh,4
mcsweeney,4
mairead,4
nipende,4
facs,4
hemozoin,4
lamarr,4
nones,4
arcus,4
extroversion,4
swarthmore,4
costuming,4
kupona,4
reliving,4
nosair,4
herbarium,4
bierstadt,4
labiaplasty,4
kílian,4
mckinley,4
excalibur,4
stasi,4
mayday,4
odeo,4
homeopathy,4
github,4
reasoner,4
purchaser,4
strudwick,4
homunculus,4
victrola,4
dunlap,4
submunitions,4
agarikon,4
djabran,4
dutchman,4
peacebuilders,4
gok,4
gooseberry,4
sublinear,4
blazar,4
plunderer,4
polly,4
dinka,4
sultanbelyi,4
doe,4
afrobubblegum,4
villagrande,4
afrobeats,4
kalenjin,4
dumbed,4
kalaupapa,4
piazzas,4
phthalate,4
marcello,4
vishna,4
perasa,4
photocatalytic,4
peres,4
drugsheaven,4
doula,4
periosteum,4
ehrlich,4
pallotta,4
strongman,4
biophony,4
vaccinology,4
alicia,4
uva,4
embellishments,4
depthx,4
deneb,4
demeter,4
verinsky,4
propolis,4
pshoo,4
upsuck,4
riddle,4
khnhom,4
ot,4
studs,4
val,4
valentines,4
elyn,4
electroshock,4
kendall,4
alene,4
pacák,4
vasari,4
gordian,4
velde,4
precognition,4
pranav,4
airbed,4
dhani,4
ailey,4
marmite,4
helpfulness,4
squawks,4
fatuma,4
hajjaj,4
spectroscope,4
grouper,4
littman,4
livestream,4
chapungu,4
spacetime,4
belowground,4
lisht,4
thesaurus,4
sheena,4
brutus,4
haha,4
theodoor,4
theaster,4
tigris,4
foal,4
hellboy,4
christiane,4
cinders,4
chukotka,4
ligand,4
tong,4
mulberry,4
christoph,4
chorusing,4
lingala,4
msf,4
mowgli,4
speleologists,4
bacchanal,4
chindia,4
fluxons,4
francesco,4
franco,4
bt,4
metronome,4
sistema,4
tastemakers,4
bulls,4
gw,4
siyathemba,4
siza,4
solarcity,4
cartwright,4
soggy,4
migraines,4
guttenberg,4
buzzcar,4
technorati,4
buttress,4
sonification,4
loretto,4
basque,4
capsizes,4
captioning,4
simonides,4
misinterpreting,4
metamaterials,4
sillett,4
lorcainide,4
carderplanet,4
misogyny,4
frieda,4
geena,4
bucardo,4
gelehun,4
shrunken,4
liespotters,4
scarabs,4
cis,4
rowdie,4
healey,4
rooh,4
rosalie,4
spyfish,4
gfr,4
ndio,4
roxbury,4
medicalized,4
rt,4
nategemea,4
leashes,4
trickiness,4
ataturk,4
lecturers,4
mecho,4
hector,4
mechanization,4
squatters,4
ascap,4
nephites,4
concordance,4
concurrency,4
turnarounds,4
arupa,4
lanza,4
heifetz,4
artemisia,4
concussion,4
teeb,4
federalists,4
fayza,4
magnetar,4
russ,4
sawubona,4
bentzoe,4
samaan,4
hasan,4
tacare,4
samboja,4
britlin,4
myod,4
flamingo,4
meen,4
bennington,4
sartorial,4
taiye,4
harmfulness,4
tort,4
murmuration,4
hasjustinelandedyet,4
fisherpeople,4
nacho,4
nachos,4
bristlecone,4
lestari,4
leroy,4
transdermal,4
saima,4
spinoza,4
safecast,4
transits,4
havasupai,4
finisterre,4
lehrer,4
germicidal,4
cogito,4
raku,4
persuadability,4
yarid,4
yuttho,4
whitley,4
yeeyan,4
jaap,4
249,4
wah,4
invariants,4
weiffenbach,4
yesu,4
whaleship,4
2041,4
abegg,4
weidmann,4
zizzing,4
waterhouse,4
acinus,4
46664,4
jugaad,4
waheguru,4
ynh,4
yakima,4
wikihouse,4
zirconium,4
hyperintelligent,4
whoom,4
186f,4
tina,3
telecommuting,3
trishaw,3
jja,3
planetarium,3
hiram,3
infernal,3
jirgas,3
matchmaking,3
wallajeh,3
leach,3
rafidah,3
zimov,3
anissa,3
wobbling,3
spitzer,3
bolitics,3
kortney,3
patternicities,3
calms,3
futured,3
georg,3
milt,3
dysmorphophobia,3
antennal,3
glaxo,3
hypercharge,3
programmability,3
pavna,3
faqi,3
foldscope,3
stomatopods,3
guthrie,3
sef,3
parabiosis,3
patternicity,3
loyola,3
bactericide,3
exec,3
1455,3
mellody,3
skysurfing,3
mineralogical,3
campanella,3
unequivocally,3
antiparticle,3
dentures,3
krump,3
kryptonite,3
rajiv,3
isp,3
antipsychotics,3
dalia,3
gypsum,3
tepui,3
foremen,3
isoprene,3
sethembile,3
kubodera,3
fakim,3
ples,3
timberline,3
erez,3
plasm,3
anticlockwise,3
chauvinist,3
minda,3
trompe,3
anise,3
camilla,3
emoting,3
effervescence,3
mathias,3
diopters,3
trophic,3
batina,3
lawson,3
railing,3
dispersants,3
tena,3
paragliding,3
bombardiers,3
hidin,3
lawndale,3
serbian,3
bomblets,3
massing,3
superchickens,3
telecomix,3
jimbo,3
kitra,3
consolidation,3
reasoners,3
kitten,3
kivus,3
chochote,3
gumbo,3
beckstrom,3
demobilization,3
mikey,3
6pm,3
paperfuge,3
diybio,3
strickland,3
prednisone,3
klee,3
chladni,3
chk,3
leblon,3
beauvoir,3
nyamirambo,3
stroking,3
teas,3
dench,3
windpipe,3
marlin,3
rickshaw,3
midpoint,3
rickk,3
stuntmen,3
taxonomist,3
oeil,3
atlassian,3
smasher,3
aaah,3
mugwagwa,3
stubblebine,3
dauphin,3
riccardo,3
aboody,3
chrissy,3
ampullate,3
conservancies,3
lumiar,3
hdi,3
kitanikatsia,3
unplayable,3
atavism,3
msezane,3
scrotum,3
bearers,3
anghiari,3
beardmore,3
fark,3
secession,3
milkweeds,3
chiat,3
beane,3
wok,3
paddock,3
offscreen,3
fw,3
fogs,3
bodnar,3
dimpled,3
dans,3
spiny,3
splinters,3
foldout,3
sedol,3
bodygroom,3
openstreetmap,3
memorialize,3
caliban,3
chinanet,3
creosote,3
scud,3
gagarin,3
chiribiquete,3
pinto,3
overcooked,3
bristlecones,3
xenophiles,3
constitución,3
niall,3
walken,3
moveon,3
gaelic,3
dwarfism,3
faron,3
flyfire,3
darknet,3
bma,3
pdp,3
nutmeg,3
moonies,3
cranbrook,3
etheridge,3
thingamajig,3
brck,3
rasselas,3
ips,3
nonsmokers,3
nothingism,3
cosplay,3
extracurriculars,3
shrines,3
exl,3
parrots,3
mn,3
hemorrhage,3
mcrobie,3
bangura,3
shuffler,3
fredrick,3
lizzie,3
yungay,3
udaipur,3
islamism,3
shura,3
industrializing,3
livestreaming,3
halud,3
megaffic,3
sirius,3
laetitia,3
baraka,3
bagpipes,3
wrtc,3
ids,3
archers,3
baptiste,3
acolytes,3
umvelt,3
yuk,3
mcintyre,3
sporulating,3
deskbar,3
hambone,3
stagehands,3
extrinsic,3
designate,3
umbc,3
mclaren,3
carr,3
freeflying,3
shoo,3
desertifying,3
achondroplasia,3
counterculture,3
landrieu,3
watercolors,3
tybee,3
sigmoidal,3
islanders,3
hejaz,3
lobotomy,3
halla,3
olbermann,3
lange,3
cardiopad,3
norris,3
jocelyne,3
owen,3
artic,3
artemia,3
oxalates,3
balkhi,3
misinterpretation,3
haldane,3
cuttlefish,3
ecuadorian,3
immunotherapy,3
balbir,3
brahimi,3
arvin,3
banderas,3
misfits,3
extensibility,3
jeffersons,3
híbridos,3
locksmith,3
simone,3
sietas,3
lockdown,3
sprezzatura,3
capuchin,3
laparoscopy,3
jehane,3
armrests,3
inwardness,3
thorne,3
siesta,3
laennec,3
shoney,3
girlies,3
monika,3
shanti,3
forte,3
tryptamines,3
zaraeeb,3
copyediting,3
reshma,3
prioritization,3
sharif,3
cenozoic,3
statute,3
factional,3
shayun,3
heterarchy,3
rcif,3
boranes,3
pasteurii,3
undeciphered,3
novak,3
resentful,3
kwabena,3
uncut,3
centennial,3
asma,3
stawi,3
cestius,3
anuj,3
canaletto,3
kuingia,3
priya,3
zacarias,3
terrapower,3
cancering,3
electroweak,3
steffi,3
shafir,3
oink,3
patee,3
craigslist,3
irdnc,3
kunene,3
reinfected,3
kunlé,3
habadiliki,3
16k,3
copulatory,3
depots,3
fulla,3
raptorial,3
shehu,3
hercles,3
mccune,3
disenthrall,3
herceptin,3
ticklish,3
botero,3
moleeds,3
413,3
reiteration,3
hadrian,3
investigates,3
escapism,3
jellybeans,3
unattached,3
shiva,3
canutt,3
repower,3
raptor,3
cutaways,3
mcgrew,3
moholy,3
herders,3
noujaim,3
pnas,3
daasanach,3
emc,3
megastructures,3
immunogenicity,3
hectocotylus,3
wintris,3
kymaerica,3
mbinguni,3
siwa,3
cecil,3
germanic,3
shimmer,3
noa,3
depressio,3
apt28,3
aptamer,3
borun,3
esvelt,3
thali,3
wug,3
mccormack,3
yorke,3
christiansen,3
sturgeon,3
manal,3
nair,3
superblocks,3
verdict,3
superbetter,3
biorobotics,3
zoobiquity,3
yanis,3
deworm,3
southland,3
sunshade,3
dictionaried,3
sofas,3
pyongyang,3
hrr,3
weightfully,3
recursion,3
katelyn,3
826,3
macron,3
declan,3
gro,3
softy,3
ht,3
keita,3
t1,3
agus,3
meu,3
gottfried,3
nenets,3
vesicle,3
perfumery,3
palu,3
karess,3
oblique,3
firefight,3
meyerhoff,3
southam,3
trabeculae,3
droppings,3
burntisland,3
j2,3
cochineal,3
gotcha,3
degraffenreid,3
aidg,3
outcaste,3
sundar,3
4d,3
toolbar,3
ayelet,3
cloudspotting,3
wildscape,3
kean,3
eurogroup,3
vaulter,3
vasquez,3
hater,3
adinkra,3
rocinha,3
234,3
vasconcelos,3
yahli,3
whitopian,3
drywall,3
keenan,3
cloths,3
macgregor,3
dsl,3
crowdfunded,3
obiang,3
perchlorate,3
iye,3
concourse,3
doorstop,3
bursty,3
katy,3
howards,3
airpix,3
iluvatar,3
katydids,3
sumness,3
phnom,3
miata,3
intiwatana,3
dopa,3
méliès,3
velázquez,3
deciliter,3
tonnes,3
sumitomo,3
berber,3
yitzhak,3
salting,3
prussia,3
weightlessness,3
ileum,3
karat,3
putsch,3
paleozoic,3
kadoom,3
pulsed,3
hungers,3
bullseye,3
swellable,3
vishnu,3
torques,3
bingham,3
soren,3
metamorphisize,3
dozo,3
purine,3
somi,3
pullers,3
dressings,3
peterborough,3
praagh,3
rubens,3
kalash,3
yearns,3
rospil,3
persephone,3
soraya,3
puma,3
sonication,3
justicemakers,3
biff,3
fibroid,3
gbe,3
pups,3
bier,3
nazism,3
avril,3
gbame,3
gaya,3
hunts,3
vivek,3
osmium,3
rov,3
adulterous,3
maki,3
purges,3
nebuchadnezzar,3
draglines,3
binadamu,3
fijian,3
fete,3
agreeable,3
gaur,3
agenticity,3
pga,3
malingering,3
solidify,3
lexigram,3
obscura,3
eni,3
vicodin,3
mallifert,3
cryptocurrency,3
gateshead,3
finkel,3
romanticism,3
toothpicks,3
huf,3
messina,3
crystallography,3
psychophysics,3
autoplay,3
nand2tetris,3
sokoto,3
superrabbit,3
ageist,3
naná,3
vikings,3
kallikuppam,3
ruhehe,3
lhotse,3
afrobubblegumists,3
puffer,3
collectivity,3
narwhals,3
downpours,3
observatories,3
soloveitchik,3
narcissus,3
perlman,3
syllabary,3
avarice,3
supersymmetry,3
pursat,3
otodo,3
liespotter,3
fincher,3
icosahedron,3
sandalwood,3
soapstone,3
photocatalysis,3
tapir,3
bzz,3
dolos,3
physiologic,3
lemaoana,3
outscored,3
protocells,3
154,3
________,3
neuroprosthesis,3
cl,3
bela,3
itzhak,3
khyber,3
kibaki,3
état,3
muqattam,3
penh,3
quartzite,3
khayelitsha,3
phwap,3
duet,3
transplantable,3
b12,3
belley,3
mustafa,3
neurogenesis,3
bwana,3
decadal,3
prototaxites,3
saudis,3
bystanders,3
clack,3
protokoll,3
urethra,3
kgs,3
risperidone,3
neuropace,3
haverpiece,3
speared,3
khalida,3
scalia,3
tardigrade,3
scallop,3
schizophonia,3
duncey,3
dbpedia,3
cigar,3
kilocycles,3
untarred,3
cacilda,3
034,3
pantograph,3
galvanic,3
suborbital,3
pietro,3
kimbo,3
whir,3
kimmel,3
ameenah,3
prosopagnosia,3
hazikwishi,3
ideograph,3
amazonas,3
rebar,3
haydn,3
isaf,3
crocheting,3
trashcan,3
mare,3
tarka,3
cristine,3
lehi,3
rimini,3
orcas,3
honeybee,3
hondurans,3
spect,3
travis,3
deactivated,3
untouchables,3
neutralizing,3
intangibles,3
xiv,3
pangea,3
khatanga,3
riverine,3
networkism,3
zake,3
mwokozi,3
alhurra,3
deletion,3
provably,3
quake,3
flagelliform,3
providencia,3
léila,3
crossbar,3
lenticularis,3
alikes,3
sparklers,3
beloit,3
kenong,3
aunty,3
uvb,3
grownup,3
cloe,3
takaungu,3
hostiles,3
fitz,3
aurelius,3
microbiota,3
willard,3
robards,3
sandor,3
sandworms,3
eod,3
wachter,3
dub,3
ori,3
feeler,3
balk,3
microglia,3
utaniondolea,3
confidential,3
dominica,3
spat,3
auenbrugger,3
keta,3
horseradish,3
kesh,3
taming,3
tanager,3
ethiopic,2
sows,2
sorona,2
bresler,2
geomancy,2
533,2
splint,2
breakout,2
membranous,2
cusseaux,2
merriam,2
impermanent,2
geriatrics,2
spaceman,2
rebate,2
recharging,2
occult,2
cumulus,2
metalworkers,2
breakable,2
esterhazy,2
reburial,2
spi,2
broadsheets,2
spca,2
oceania,2
medullary,2
mendelian,2
wizkid,2
isadora,2
geodata,2
mensa,2
cu,2
medevac,2
eukaryotes,2
brohi,2
readmissions,2
meningitis,2
speedstrip,2
irreverent,2
bugness,2
ge,2
megarisks,2
speleologist,2
mensch,2
599,2
euan,2
brownway,2
brasil,2
geocodes,2
broadened,2
medes,2
mengatoue,2
speras,2
melanesia,2
okollet,2
sox,2
recolonization,2
estuaries,2
sprain,2
occulter,2
cupertino,2
wonderbread,2
breivik,2
spirometer,2
briquette,2
cryptococcal,2
csikszentmihalyi,2
oilstone,2
genomically,2
metabolisms,2
memos,2
reclined,2
cushing,2
brugger,2
spinternet,2
merrifield,2
geoscientist,2
memorizer,2
bros,2
southwark,2
ocd,2
spindles,2
zang,2
messiah,2
inductive,2
meshugenah,2
ishijima,2
bruckheimer,2
zaltman,2
georeference,2
ethane,2
zakouma,2
gerry,2
receptin,2
brontë,2
spout,2
mer,2
cunnilingus,2
mellow,2
melaleuca,2
gershwin,2
buddhas,2
odin,2
receipting,2
sovereignties,2
merced,2
recognizers,2
gef,2
580,2
genocidaires,2
cuddly,2
wm,2
woodchucks,2
culinary,2
sporulation,2
razem,2
specializations,2
germination,2
genographic,2
bremer,2
cryptochrome,2
buckyballs,2
glaciology,2
brandi,2
imazon,2
itzko,2
757,2
subtitle,2
blackboards,2
subtest,2
golub,2
subsurface,2
subsumption,2
blackened,2
golia,2
maquette,2
substitutions,2
golgi,2
blacksmith,2
blackstar,2
blackstone,2
golfers,2
oretha,2
760,2
goldstein,2
subversive,2
goodfellas,2
birthrate,2
manspace,2
bisecting,2
manspaces,2
eo,2
zem,2
eol,2
zelda,2
decatur,2
quadrocopters,2
776,2
organismal,2
willis,2
decarbonized,2
successional,2
decarava,2
subsidiaries,2
debugging,2
zechariah,2
epinephrine,2
blinked,2
gobbledygook,2
blinkered,2
blis,2
marissa,2
maritime,2
daylife,2
opto,2
markup,2
marla,2
glycines,2
dawonta,2
opticals,2
1650,2
davidson,2
davey,2
glutathione,2
iter,2
godchildren,2
subsection,2
ites,2
164,2
orde,2
subprime,2
debout,2
debit,2
ord,2
marder,2
deathbeds,2
orchestrates,2
goin,2
blazars,2
deadlier,2
722,2
zeitung,2
godparents,2
blicket,2
orbitofrontal,2
decellularized,2
sulaiman,2
qoop,2
malam,2
puritans,2
biodegradability,2
zeolite,2
oscilloscope,2
oscillators,2
malem,2
wigler,2
grammys,2
grammars,2
superstruct,2
biogenerative,2
wigmen,2
849,2
superrabbits,2
enterocolitis,2
bioinert,2
wijsen,2
malamute,2
osiris,2
sulfides,2
malakwang,2
defecate,2
bikeways,2
suslick,2
purcell,2
862,2
survivable,2
grasps,2
makau,2
granola,2
surimi,2
binder,2
surfas,2
malaba,2
grandstand,2
wiesner,2
dee,2
malaga,2
mallette,2
gp,2
malocas,2
biomarker,2
mandala,2
declassify,2
biosentient,2
gorking,2
gorging,2
iloveyou,2
sunburn,2
ilulissat,2
manhouse,2
manioc,2
summize,2
birches,2
qingmin,2
mannahatta,2
mannerisms,2
iyengar,2
goofball,2
sunshades,2
orteig,2
entomopathogenic,2
supercroc,2
wikibooks,2
oríkì,2
pussycat,2
gout,2
superflock,2
biomimetics,2
maluma,2
enticement,2
biopsied,2
wikimedia,2
superconductivity,2
puya,2
decomposed,2
entitle,2
biophonies,2
zenji,2
gluons,2
marsan,2
brandes,2
zara,2
daba,2
starlink,2
omagh,2
d1,2
mcbride,2
om,2
mccann,2
mcclelland,2
zappos,2
stans,2
gigafactory,2
botha,2
gigafactories,2
cytonet,2
mcewen,2
rapt,2
botton,2
gillespie,2
boreholes,2
mcguire,2
borden,2
booker,2
booklets,2
steinberg,2
maxed,2
stearns,2
boomer,2
ginsburg,2
indyk,2
steadycam,2
bootstrapped,2
zaragoza,2
staving,2
staunch,2
mazing,2
borane,2
dactyl,2
statewide,2
stalinism,2
raqqa,2
italic,2
squeezy,2
rationalist,2
ghemawat,2
brahui,2
wiretapped,2
cybertopians,2
espousing,2
espys,2
mebot,2
wisp,2
squabs,2
mechatronics,2
oleander,2
sqeeze,2
isle,2
meddah,2
1738,2
spurious,2
ratify,2
brads,2
bourgeoisie,2
wird,2
mckeith,2
zapper,2
olpc,2
bowel,2
cyndi,2
stabs,2
olof,2
ssl,2
ghosting,2
mcnally,2
boxtel,2
ghosn,2
raster,2
cymascope,2
olmstead,2
mctell,2
ollantaytambo,2
isolator,2
bookcase,2
maua,2
straus,2
globalizers,2
rachid,2
darkmarket,2
operabots,2
operable,2
strangelets,2
daria,2
masjid,2
radiographers,2
maso,2
bobcat,2
stradivarius,2
glibness,2
massa,2
danziger,2
intercity,2
oozes,2
rachelle,2
blunter,2
daina,2
streamers,2
bloodwork,2
stroud,2
glucksberg,2
stroop,2
marseus,2
7003,2
marston,2
stripling,2
marti,2
glossary,2
oportunidades,2
martínez,2
stretchy,2
stretcher,2
marwood,2
marxism,2
streamlining,2
massifs,2
gleevec,2
stopwatches,2
danita,2
dampener,2
stingier,2
stinger,2
stimulative,2
gbenga,2
ergaster,2
bombón,2
onsen,2
dambisa,2
zayid,2
stickybot,2
daley,2
stereographic,2
stercus,2
giroux,2
stepper,2
immunize,2
bolotnitsa,2
stinting,2
glamor,2
rahul,2
danit,2
bogotanos,2
masts,2
zb,2
ragùs,2
glasgow,2
eragrostis,2
damping,2
68245837,2
bolide,2
matere,2
stoa,2
glamorizing,2
mathemagics,2
bollacker,2
erasmus,2
impious,2
crawler,2
bulgarian,2
mulling,2
schubert,2
newington,2
xigi,2
connectography,2
chukchis,2
rideshare,2
mullahs,2
flolan,2
ridesharing,2
ridges,2
flowerless,2
multicellularity,2
multicolored,2
multiethnic,2
intraspecies,2
newberger,2
chávez,2
multilevel,2
coniferous,2
fatwas,2
flophouse,2
schultes,2
1877,2
fateh,2
scouted,2
nexi,2
newtown,2
flosses,2
chordata,2
rhythym,2
mufti,2
fatah,2
florey,2
scooby,2
scofidio,2
1876,2
scientologist,2
mugsy,2
florentine,2
flor,2
schweitzer,2
yorktown,2
mujahidh,2
cinder,2
multinationals,2
multiplanet,2
sc,2
murabit,2
murden,2
citysearch,2
saxe,2
189,2
sawing,2
fc,2
savors,2
fleece,2
conformable,2
fleckvieh,2
sauti,2
confluences,2
flaunting,2
saunters,2
ritually,2
feathermakers,2
flatland,2
clamshells,2
sbir,2
citizenry,2
multiplexing,2
munkank,2
scented,2
congressperson,2
multistory,2
neurotoxin,2
neurostimulator,2
mumita,2
xk,2
neurostimulation,2
xm,2
cisa3,2
cisgender,2
favoring,2
scammer,2
fawlty,2
scalloped,2
citadel,2
rinpoche,2
fawn,2
mungo,2
consolata,2
chock,2
charley,2
reusability,2
moser,2
mosh,2
mossad,2
niestat,2
selectin,2
reunified,2
niemöller,2
cheeseburger,2
fanning,2
cheeto,2
xenophon,2
cheikh,2
chemokine,2
wén,2
chemosensors,2
fanton,2
mothers2mothers,2
nicolelis,2
foldouts,2
motley,2
cheapside,2
nighters,2
wyatt,2
semillas,2
separatists,2
nightwatchman,2
sentience,2
footholds,2
charms,2
retoucher,2
familiarize,2
retract,2
foolishness,2
chau,2
senescence,2
chauvet,2
semple,2
sempervirens,2
youngmenowme,2
semler,2
semitone,2
semitic,2
foodlab,2
moto,2
chert,2
nicoe,2
farrakhan,2
farrar,2
chinua,2
flupsy,2
moyo,2
fluorometer,2
chitinous,2
ngu,2
chiusiku,2
chizi,2
scribbles,2
chlorinated,2
mtf,2
screenshots,2
nfb,2
nf,2
chloroplast,2
nextpedition,2
mucked,2
chloroquine,2
moveable,2
faro,2
folate,2
searchability,2
foko,2
nicky,2
motorola,2
securedrop,2
chet,2
fogponics,2
mots,2
contaminant,2
chheng,2
contacting,2
seconded,2
chickenwire,2
incidences,2
farmway,2
chides,2
chiharu,2
chihiro,2
flypaper,2
moussaoui,2
satyarthi,2
saturnine,2
flashpoint,2
neighborly,2
romanticizing,2
interventional,2
nanograms,2
nem,2
yasmine,2
comporary,2
nanopatches,2
nell,2
nein,2
yetis,2
clare,2
romotive,2
nansen,2
intervener,2
narcissist,2
compliances,2
yawn,2
financials,2
complexo,2
russert,2
romanian,2
compostable,2
sabo,2
saboru,2
rohwedder,2
najjar,2
firehouse,2
roizen,2
sadiq,2
nakilia,2
cocontract,2
yanukovych,2
neoconservatism,2
namati,2
sacré,2
firearms,2
sacral,2
fiori,2
1k,2
nanak,2
nanda,2
saboteur,2
compostela,2
yeses,2
ferroplasma,2
coles,2
necker,2
communality,2
fifi,2
fife,2
commonses,2
commonest,2
rotc,2
ff,2
neary,2
fiddles,2
navona,2
fiddlers,2
ficus,2
comfy,2
rotonda,2
rotorcraft,2
interruptors,2
commandant,2
rottweiler,2
roundabouts,2
rsa,2
yemenis,2
colescott,2
colum,2
runnion,2
rosabeth,2
needlestick,2
neda,2
compensating,2
necrotizing,2
colleen,2
rughal,2
filer,2
roslings,2
nastiness,2
nathalia,2
rubella,2
rubbly,2
coltrane,2
rtpj,2
204,2
2035,2
yementimes,2
safaris,2
yanomami,2
fernanda,2
mwingine,2
clementi,2
cleopatra,2
cleverest,2
sankofa,2
robam,2
sangu,2
sangin,2
mycorrhiza,2
interpenetrated,2
robby,2
yadira,2
sandi,2
clipboards,2
clive,2
sandberg,2
myrrh,2
feministing,2
yahaya,2
closets,2
mwizi,2
mwepesi,2
nescafé,2
sapolsky,2
satisfactions,2
riverbanks,2
neurodiversity,2
muteferrika,2
1905,2
muthomi,2
intracranial,2
yab,2
clausen,2
rnasel,2
interpenetrate,2
roadable,2
236,2
fehr,2
sarcosuchus,2
sarbot,2
mwalimu,2
confection,2
saraceno,2
fistfight,2
clots,2
safeways,2
fender,2
saleem,2
salcantay,2
salatin,2
concentrator,2
nadine,2
salable,2
sala,2
fischell,2
nafanya,2
194,2
yandex,2
conceals,2
sahiwal,2
coartem,2
coastland,2
coattails,2
sager,2
safwat,2
cobb,2
2133,2
nacre,2
sampras,2
salif,2
fissionable,2
sammich,2
samir,2
cloudless,2
clover,2
rocketcam,2
samara,2
clubbing,2
indefensible,2
fissile,2
n95,2
femtosecond,2
clunkers,2
nabati,2
concertgebouw,2
rockports,2
incontinent,2
cnet,2
salim,2
charlton,2
falsification,2
bulge,2
nukaks,2
reg,2
44th,2
creeds,2
excrement,2
excruciatingly,2
regina,2
creditworthiness,2
numerator,2
num,2
calmness,2
smil,2
nukak,2
nuit,2
slaveholders,2
mimeograph,2
camaguey,2
regrows,2
exemplars,2
crawlers,2
punts,2
slipway,2
gachter,2
caldwell,2
457,2
excavation,2
gallbladder,2
refashion,2
cribs,2
cady,2
midwifery,2
nychos,2
smartbird,2
excellences,2
mightiness,2
smackheads,2
galactosyl,2
nyan,2
cagoots,2
cahana,2
reflight,2
cajal,2
466,2
nw,2
camille,2
rehabilitating,2
minesweeper,2
fuke,2
sitter,2
coxsackievirus,2
cox,2
sited,2
sitasizi,2
siswati,2
improviser,2
sis,2
fuego,2
iquique,2
sips,2
canvass,2
fuchu,2
sipes,2
sioux,2
sinusoids,2
caoníma,2
nottamun,2
rejuvenating,2
fuju,2
miro,2
furrow,2
reinterprets,2
nudibranch,2
camphor,2
campo,2
wormeries,2
miniaturize,2
rehearsing,2
nu,2
nth,2
skipper,2
skimming,2
minotaur,2
irc,2
novich,2
cannonball,2
skanky,2
zabaleen,2
reintegrated,2
sixtus,2
sixgill,2
zacaton,2
o600ko78rus,2
charlemagne,2
burnham,2
solidariot,2
gatesville,2
solicitations,2
solicitation,2
burhan,2
gatehouse,2
burlap,2
evasive,2
sol,2
crp,2
smithfield,2
mhm,2
softest,2
everquest,2
sodom,2
sodhi,2
sodding,2
recycler,2
irregularity,2
importers,2
methoxydimethyltryptamine,2
gaudence,2
buoy,2
soljacic,2
bulkheads,2
evaluators,2
meteor,2
gayle,2
sonde,2
gawker,2
bullwhips,2
bumptop,2
bundi,2
obsidian,2
bundu,2
crunchiness,2
obsessionally,2
somaly,2
gauleiter,2
bunnell,2
bunnies,2
methodist,2
cruises,2
michele,2
redbrigade,2
michoacan,2
snapstreaks,2
eww,2
micrometers,2
sn,2
gamow,2
bézier,2
smudging,2
gammaknife,2
c02,2
exabytes,2
smss,2
croaking,2
irreducibility,2
cabelguen,2
microsculpture,2
oates,2
reengage,2
irredeemably,2
irredeemable,2
middleman,2
croft,2
bv,2
bushmaster,2
gangplank,2
garniez,2
crowdsources,2
snuffed,2
snps,2
crossovers,2
garcía,2
butaro,2
bute,2
snorkeling,2
evolutis,2
wordscape,2
redistributive,2
interlinking,2
microenvironment,2
gantry,2
498,2
ganson,2
489,2
cronin,2
1819,2
frontlit,2
notguilty,2
sheepshead,2
nkali,2
1838,2
shelly,2
facilitation,2
shellers,2
cee,2
mongols,2
resell,2
sheetrock,2
331,2
capric,2
monochrom,2
monochrome,2
monogamously,2
fortuitous,2
fortingall,2
resettle,2
inverleith,2
shapeshifter,2
monospinner,2
indira,2
facetious,2
ceausescu,2
monetization,2
fracturing,2
shiseido,2
eyewriter,2
moldova,2
frack,2
fracas,2
corona,2
shins,2
cautioning,2
shimura,2
molloy,2
333,2
cavitt,2
molt,2
cornices,2
cb,2
cbgb,2
1835,2
ccr5,2
shanda,2
shand,2
coptic,2
settee,2
sesfontein,2
niliacus,2
falkland,2
morandi,2
servicemen,2
indigent,2
indigenomics,2
channelrhodopsins,2
moreese,2
chapati,2
morgenbesser,2
convolutional,2
retargeting,2
serifs,2
morina,2
inventables,2
serbio,2
sequoia,2
retes,2
champs,2
resubmit,2
monsieur,2
coolant,2
forma,2
shakira,2
resonators,2
shakethedust,2
montanans,2
cesare,2
copepod,2
montefeltro,2
niparko,2
resplendent,2
sg,2
cfcs,2
cfls,2
cha0,2
responsiveness,2
chadd,2
restaging,2
restarted,2
mooc,2
shite,2
eyepatch,2
framings,2
yuyu,2
exploratorium,2
signifier,2
misperceive,2
exposition,2
misrepresented,2
norick,2
expropriation,2
caritas,2
carletto,2
carlile,2
remotion,2
carlock,2
siegel,2
noraida,2
fresher,2
councilman,2
sider,2
sidekick,2
sidebottom,2
carders,2
exploitable,2
freitas,2
silas,2
exoskeletal,2
caprolactam,2
miseries,2
capsize,2
wowed,2
notate,2
froebel,2
nosedive,2
misha,2
caracalla,2
1824,2
carbapenem,2
carbolines,2
experimenters,2
silvarret,2
ipatient,2
3s,2
carboplatin,2
cardenolides,2
yutaka,2
mitotic,2
mohsin,2
183,2
modelings,2
casework,2
cosmin,2
moderating,2
casque,2
castellio,2
corvisart,2
nonlethal,2
yue,2
shotglass,2
modini,2
yudhisthira,2
1833,2
shortening,2
mogahed,2
3481,2
catarina,2
shonda,2
shoehorning,2
frass,2
fray,2
renovating,2
cary,2
nonzero,2
yusef,2
siam,2
shü,2
rensink,2
carport,2
mizzone,2
extinguishers,2
involuntarily,2
1829,2
fredros,2
reoffend,2
nontrivial,2
mmmmm,2
reorganizing,2
moai,2
mobsoft,2
cosmopolis,2
invidious,2
defectors,2
brett,2
babushkas,2
kirsten,2
tpj,2
autom,2
lewes,2
autoplayed,2
duping,2
diatomic,2
amps,2
autoplays,2
abstruse,2
potions,2
toxics,2
jetman,2
auv,2
palti,2
dupe,2
lexigrams,2
0400,2
pammy,2
autographed,2
levitin,2
kittenger,2
durr,2
eiger,2
additionality,2
amygdalae,2
kitkat,2
postproduction,2
haslet,2
autismsees,2
leuna,2
jeune,2
trafalgar,2
additions,2
levitated,2
djinn,2
lexington,2
avalokiteshvara,2
leyla,2
pournima,2
amphipods,2
harper,2
amphibious,2
diaphragm,2
peh,2
ejection,2
diamorphine,2
palme,2
torturous,2
ejections,2
dobrynin,2
dobson,2
kip,2
torsion,2
kiongozi,2
powderbox,2
holbein,2
toutatis,2
totin,2
potters,2
potts,2
hart,2
wedged,2
ave,2
weeeaawww,2
ict,2
pouch,2
touchscreen,2
avengers,2
liana,2
poughkeepsie,2
diastrophic,2
harpy,2
libation,2
eigenmodes,2
unreason,2
bakheet,2
digests,2
panthers,2
trawlers,2
kluwe,2
legitimized,2
pantheons,2
porters,2
walkable,2
digestible,2
ler,2
influencer,2
hawi,2
atxy,2
panpsychism,2
lekki,2
panopticon,2
transposon,2
kmart,2
pors,2
hayward,2
attackers,2
trenchant,2
unmoved,2
peal,2
hazrat,2
atolla,2
dwarfing,2
dikika,2
legalities,2
atonement,2
atoning,2
andres,2
walkalong,2
atrial,2
knack,2
digitata,2
auctions,2
academicians,2
pinstripe,2
dietz,2
transfigure,2
leon,2
institut,2
transect,2
analie,2
aurasma,2
kkhh,2
transdisciplinary,2
possessive,2
pineapples,2
leporsy,2
041,2
aurumque,2
auscultation,2
hofmann,2
auke,2
klebold,2
lenape,2
transfixed,2
unpicking,2
wakulla,2
dix,2
audrey,2
joubert,2
haugen,2
jour,2
abuzz,2
ichthyology,2
lensed,2
lenticular,2
augusten,2
transgenesis,2
transfuser,2
transfused,2
ándale,2
wais,2
diaeresis,2
lint,2
lingerie,2
injuncted,2
lingua,2
prefabrication,2
altiplano,2
penfield,2
hooking,2
linz,2
dunkirk,2
piazzolla,2
uplifted,2
timpani,2
timings,2
timgad,2
zither,2
dumais,2
wagged,2
dogon,2
preemptively,2
alu,2
tizzy,2
electroconvulsive,2
picornaviruses,2
tito,2
babylonians,2
titillate,2
tithers,2
deutsche,2
deuce,2
alvaro,2
1369,2
tiq,2
kidde,2
pickaxes,2
tio2,2
alpert,2
electromechanics,2
lipitor,2
premeditation,2
tierra,2
urbana,2
premiums,2
bagasse,2
lithotomy,2
hygienist,2
elias,2
doma,2
oxygenating,2
phuket,2
alloy,2
elk,2
jell,2
horoscope,2
baiting,2
duking,2
alomar,2
zircons,2
hymenoplasty,2
hoot,2
dolled,2
tilson,2
tilonia,2
liquidsore29,2
tillman,2
jovians,2
pacifists,2
tillage,2
electrotactile,2
lispenard,2
elegs,2
pablos,2
listers,2
premarital,2
precrastinator,2
tl,2
jeremiah,2
dexterous,2
deworming,2
kindergarteners,2
amends,2
harbormasters,2
aydah,2
toolbars,2
homeopathic,2
tononi,2
ambucycles,2
kimchi,2
paldin,2
tongkonan,2
kimball,2
abrahams,2
preached,2
axles,2
homaro,2
azadi,2
kindred,2
peleg,2
unsignalized,2
ammo,2
pr2,2
toroid,2
jove,2
pigeonholes,2
torajan,2
pragmatically,2
130th,2
dey,2
awtin,2
liespotting,2
lifeboat,2
tootsie,2
palaver,2
untamed,2
limpia,2
penan,2
tofranil,2
untouchability,2
tofo,2
precommitment,2
limiter,2
honduran,2
untried,2
abortions,2
kiko,2
tocamacho,2
tobias,2
babri,2
limousine,2
amanpour,2
preconditions,2
precognitive,2
babangida,2
tomé,2
tokamak,2
tomás,2
kilohertz,2
abracadabra,2
elasticum,2
elastomers,2
hapmap,2
amazingness,2
tomboy,2
devine,2
haploid,2
dunbar,2
amateurization,2
b15,2
b92,2
abra,2
lees,2
andrés,2
porcupines,2
warthog,2
hemorrhagic,2
argiope,2
parpola,2
uhh,2
argyll,2
arhuaco,2
arhuacos,2
udide,2
anthropometrics,2
polemics,2
zuzana,2
ksm,2
lamprey,2
uce,2
ubudehe,2
pati,2
disowned,2
laminar,2
plegic,2
pointillism,2
pathogenicity,2
ulukaya,2
antivirus,2
poincaré,2
pathologic,2
antiserum,2
johanson,2
lako,2
discourages,2
ultralight,2
hemp,2
warplanes,2
areca,2
aremeyaw,2
ulcerating,2
hiccuppers,2
hiccupping,2
earthen,2
polity,2
antiblack,2
landless,2
hellespointica,2
typesetter,2
zoroastrians,2
unfazed,2
hella,2
unfeeling,2
helder,2
landside,2
arrhenius,2
arrhythmic,2
patois,2
twittering,2
arriba,2
krens,2
dispensing,2
heme,2
plaything,2
ubald,2
plc,2
kroc,2
antigens,2
antifungal,2
unexpectedness,2
acinetobacter,2
uac,2
armatures,2
hidalgo,2
armenia,2
armenian,2
dispensers,2
jodrell,2
armillaria,2
antlers,2
pohnay,2
antoinette,2
kurds,2
apoe4,2
joko,2
kyu,2
joneses,2
kunstprüfer,2
kè,2
apricot,2
underperforming,2
uncompassionate,2
waorani,2
pasaporte,2
aquaponics,2
apl,2
easing,2
heterophylly,2
acr,2
kymaerican,2
aquecer,2
heroult,2
heterodoxies,2
appallingly,2
hetain,2
appalachians,2
appalachian,2
kw,2
apostles,2
uncurl,2
kurokawa,2
apoptosis,2
kuria,2
plunk,2
applicator,2
herpes,2
plotnik,2
ebox,2
underreactive,2
echolocation,2
unama,2
arby,2
disemboweling,2
disobedient,2
heptathlon,2
hepatitis,2
pleurococcus,2
echinacea,2
lagosians,2
waring,2
antonyms,2
lai,2
archimedes,2
antony,2
echocardiography,2
umenikalia,2
plexiglass,2
อร,2
unburnable,2
participator,2
labia,2
kump,2
unboring,2
pocatello,2
aphasia,2
herbicides,2
arap,2
pocketknife,2
arbiter,2
hyphen,2
jonestown,2
lacus,2
jongerius,2
kukupenda,2
ladakh,2
langerhans,2
héxiè,2
papercutter,2
angora,2
instep,2
parakeet,2
instigate,2
layla,2
layman,2
angrigami,2
pitchpole,2
mais,2
edenic,2
hitchhiked,2
parachutist,2
anglo,2
paracelsus,2
distractors,2
adansonia,2
paraboloid,2
heatherwick,2
assayed,2
troylynn,2
laut,2
unintuitive,2
annalisa,2
animists,2
animaris,2
effah,2
kodis,2
dyslexia,2
assailant,2
launchpad,2
diplomas,2
heatwaves,2
launderer,2
joaquin,2
uniview,2
pone,2
ibot,2
astley,2
leakages,2
headlamp,2
angelmed,2
tricep,2
knifefish,2
lebed,2
andyvphil,2
dimensioned,2
atavisms,2
diluent,2
headbutt,2
eggmobile,2
instigation,2
diller,2
leded,2
trespassers,2
trephination,2
asymptomatic,2
ibuku,2
astor,2
dimitry,2
pistoning,2
trillionths,2
headmistress,2
astrobiologist,2
headman,2
papilloma,2
jinsop,2
hk,2
astrologer,2
jinn,2
headless,2
tricorder,2
paz,2
pissing,2
dit,2
aspirants,2
dissipation,2
pizzeria,2
unfurl,2
polycentric,2
lapels,2
antecedent,2
disassembly,2
hyperconnectivity,2
achebe,2
informants,2
lara,2
laramie,2
hikma,2
hikuleo,2
plantings,2
turere,2
anta,2
larder,2
heifer,2
tush,2
asbestos,2
laparoscopically,2
edens,2
acheulian,2
tweezer,2
edgehill,2
anthrophony,2
heike,2
kratt,2
eagleman,2
lanyard,2
arthroscopic,2
patrisse,2
dispositive,2
articular,2
dispossess,2
laolu,2
tureaud,2
zx80,2
aspens,2
ashleigh,2
paramyxovirus,2
accretional,2
uni,2
latif,2
asiatica,2
polyphenylalanine,2
patties,2
koo,2
asknature,2
tsuji,2
annualized,2
dirges,2
truthfulness,2
eetwidomayloh,2
aspartame,2
hedgehog,2
tubules,2
acerbic,2
tubuliform,2
iac,2
paratrooper,2
ascendant,2
tungsten,2
korff,2
edo,2
paraprofessionals,2
asd,2
asdfasdf,2
lasagna,2
polynesia,2
lastingly,2
tudhope,2
ashesi,2
paraorchestra,2
livestrong,2
kurzweilian,2
thumping,2
vuja,2
vestager,2
gufti,2
ikar,2
perfunctory,2
befittingly,2
ikaria,2
prospectus,2
prospero,2
delphi,2
doughnuts,2
prostatectomy,2
delocalized,2
vsat,2
protagoras,2
hues,2
tastier,2
beets,2
hubristic,2
taxied,2
hydrates,2
lunges,2
taxol,2
phenome,2
taxing,2
prosciutto,2
huayna,2
perfumers,2
taxidermy,2
aholic,2
hubbard,2
guier,2
vertiport,2
outworn,2
behan,2
behar,2
tarja,2
aggravated,2
______,2
intef,2
believability,2
tangrams,2
phantasmagoria,2
belk,2
tangent,2
tannen,2
phallus,2
tananger,2
hulc,2
tanagra,2
tampon,2
gsi,2
belied,2
guadalquivir,2
agnor,2
delish,2
vhs,2
deliverable,2
kapor,2
aaaa,2
protege,2
luxor,2
dover,2
belching,2
guardrail,2
kapital,2
dromedary,2
lycopene,2
tantamount,2
huhh,2
adjunctive,2
judi,2
delicacies,2
demeaned,2
phon,2
denature,2
phobias,2
housman,2
perel,2
teeniest,2
beanbag,2
tedyouth,2
lucha,2
airstreams,2
gurib,2
tedpad,2
adit,2
aaronson,2
tedistan,2
kayaks,2
lu,2
whet,2
telekom,2
baumgardner,2
kazu,2
bayard,2
houseguest,2
akan,2
gusty,2
telegraphy,2
lse,2
prohibitionist,2
bayley,2
velasquez,2
phonaesthesia,2
kayla,2
bbm,2
venta,2
demou,2
overdesigned,2
dosimeter,2
technetium,2
verbed,2
verbiage,2
aimless,2
verdana,2
teaspoon,2
teashop,2
insure,2
verdun,2
gulden,2
aakash,2
philae,2
guixe,2
zidane,2
lui,2
hsbc,2
tedattendees,2
gunner,2
ventana,2
gunung,2
gunsmoke,2
tecture,2
beaufort,2
adjacency,2
airfoil,2
adjoining,2
ventriloquist,2
lug,2
janjaweed,2
beccaria,2
kataf,2
proofing,2
bellotto,2
grunts,2
kazungu,2
afrigadget,2
enhancements,2
syndicates,2
syncytial,2
hunching,2
puchu,2
931,2
greybeard,2
betsy,2
bettina,2
magnetized,2
magnetometers,2
kaggle,2
hungering,2
pucker,2
vitor,2
hunchback,2
maggio,2
affordances,2
besiege,2
outboard,2
berthia,2
ileal,2
psychographics,2
psychokinesis,2
beryllium,2
pernod,2
magd,2
madrassa,2
virals,2
madureira,2
viremia,2
maeda,2
petaluma,2
vitruvian,2
syllabuses,2
iliad,2
vmt,2
deflating,2
osteosarcoma,2
bidialectal,2
sweatshop,2
jutting,2
osteopenia,2
vocalid,2
wickets,2
defibrillators,2
defends,2
punjab,2
swastikas,2
8649,2
swank,2
viz,2
ostrow,2
whooshing,2
magyars,2
puente,2
afarensis,2
deformities,2
magyar,2
vituko,2
integrations,2
9000,2
perseveres,2
aerosols,2
mahabuba,2
osunality,2
grebes,2
grebe,2
bickham,2
africanness,2
engelberg,2
victors,2
berns,2
grozny,2
viennese,2
pews,2
viewshed,2
peut,2
kanchi,2
humarr,2
deka,2
whitopians,2
vigilance,2
perl,2
humboldt,2
outgassing,2
taimina,2
whitopias,2
benedict,2
jumpmasters,2
jumpmaster,2
lélia,2
tamdin,2
hwami,2
996,2
987,2
jamii,2
pgp,2
deletions,2
gruber,2
deletes,2
drivegrip,2
downgrade,2
benchmarks,2
provine,2
kangombe,2
kamiti,2
energizes,2
pruning,2
maddest,2
macroscopic,2
petra,2
tabloids,2
madd,2
degruy,2
whoaa,2
taber,2
voltaire,2
tabby,2
dowse,2
tabasamu,2
tabar,2
t2,2
süddeutsche,2
zheng,2
ilc,2
prussians,2
príncipe,2
tah,2
kamenj,2
jailing,2
tadema,2
adrenal,2
macmaster,2
beret,2
pseudoxanthoma,2
afrofuturism,2
petrie,2
tacloban,2
outfall,2
voluptuous,2
adriatic,2
bauman,2
gujarat,2
igwe,2
dooky,2
keynesian,2
haibao,2
basie,2
banteng,2
terrafugia,2
depressurizes,2
privatizing,2
haikus,2
usages,2
kem,2
hacksaw,2
doolikahn,2
terri,2
alleviated,2
thongs,2
thon,2
baril,2
keyloggers,2
ife,2
alemão,2
loggable,2
abiola,2
priyanka,2
terminalia,2
vancomycin,2
ballbot,2
hosiery,2
logistically,2
abdi,2
javan,2
jawad,2
jubilee,2
keypad,2
thalis,2
lobo,2
terkel,2
adequation,2
hades,2
ursonate,2
batur,2
dubia,2
balm,2
thoughtfulness,2
pepfar,2
thalamus,2
longhouses,2
keves,2
uvula,2
haa,2
deportation,2
domingo,2
thida,2
barroso,2
barricini,2
testimonial,2
photosynths,2
elysees,2
jaynes,2
testis,2
usman,2
overrules,2
loftus,2
printhead,2
adherence,2
overtaken,2
banish,2
idly,2
donorschoose,2
valenti,2
habituates,2
allegheny,2
barss,2
adenovirus,2
juanito,2
haji,2
horseshoer,2
overwhelms,2
logbook,2
westside,2
aleph,2
emancipating,2
algal,2
hairstyling,2
dermatitis,2
barnard,2
prestero,2
pringle,2
pretext,2
perceptually,2
testability,2
tetris,2
barnacle,2
wachira,2
elusiveness,2
lomborg,2
1416,2
photostat,2
uric,2
halogens,2
vaccinates,2
inferotemporal,2
ignostic,2
halter,2
vcds,2
kfar,2
vaulting,2
denounces,2
jebr,2
profounder,2
battista,2
wheelers,2
denigrated,2
houdini,2
vaseline,2
houdin,2
alamieyeseigha,2
vd,2
hos,2
llull,2
guzheng,2
emotionless,2
templated,2
lok,2
abani,2
preposition,2
urgencies,2
ignoble,2
140journos,2
baraniuk,2
deqo,2
alams,2
templeton,2
elliott,2
alanine,2
allograft,2
gweon,2
baobabs,2
theoreticians,2
denticles,2
lorry,2
oxalic,2
albertopolis,2
albrecht,2
loader,2
prerequisites,2
allopathic,2
uzbeks,2
vacuity,2
albright,2
pepsis,2
procedurally,2
alcatraz,2
presa,2
thumper,2
alchemist,2
dubowsky,2
uvulites,2
priam,2
phonogram,2
duckface,2
barbel,2
losee,2
prochlorococci,2
ke,2
banyana,2
keystroke,2
wadah,2
telly,2
kc,2
televised,2
photoreceptor,2
thardeep,2
albemarle,2
vaccinators,2
